/*
Navicat MySQL Data Transfer

Source Server         : jk
Source Server Version : 50721
Source Host           : localhost:3306
Source Database       : jk

Target Server Type    : MYSQL
Target Server Version : 50721
File Encoding         : 65001

Date: 2018-02-20 10:02:47
*/

SET FOREIGN_KEY_CHECKS=0;

-- ----------------------------
-- Table structure for contract_c
-- ----------------------------
DROP TABLE IF EXISTS `contract_c`;
CREATE TABLE `contract_c` (
  `CONTRACT_ID` varchar(90) NOT NULL,
  `OFFEROR` varchar(200) DEFAULT NULL,
  `CONTRACT_NO` varchar(20) DEFAULT NULL,
  `SIGNING_DATE` datetime DEFAULT NULL,
  `INPUT_BY` varchar(30) DEFAULT NULL,
  `CHECK_BY` varchar(30) DEFAULT NULL,
  `INSPECTOR` varchar(30) DEFAULT NULL,
  `TOTAL_AMOUNT` decimal(10,2) DEFAULT NULL,
  `CREQUEST` varchar(2000) DEFAULT NULL,
  `CUSTOM_NAME` varchar(2000) DEFAULT NULL,
  `SHIP_TIME` datetime DEFAULT NULL,
  `IMPORT_NUM` char(1) DEFAULT NULL,
  `DELIVERY_PERIOD` datetime DEFAULT NULL,
  `REMARK` varchar(2000) DEFAULT NULL,
  `PRINT_STYLE` char(1) DEFAULT NULL,
  `OLD_STATE` int(11) DEFAULT NULL,
  `STATE` int(11) DEFAULT NULL,
  `CREATE_BY` varchar(40) DEFAULT NULL,
  `CREATE_DEPT` varchar(40) DEFAULT NULL,
  `CREATE_TIME` datetime DEFAULT NULL,
  `TRADE_TERMS` varchar(30) DEFAULT NULL,
  `OUT_STATE` int(11) DEFAULT NULL,
  PRIMARY KEY (`CONTRACT_ID`)
) ENGINE=InnoDB DEFAULT CHARSET=utf8;

-- ----------------------------
-- Records of contract_c
-- ----------------------------
INSERT INTO `contract_c` VALUES ('25ba7ee2-35ed-4cfb-8d70-f82be4b5609f', '陕西杰信商务发展有限公司', 'SM/5927XN', '2346-07-23 16:00:00', 'Caesar', '巫芳', '张巡', '11865.16', '★   产品与封样无明显差异，唛头、标签及包装质量务必符合公司要求。 \n ★★  产品生产前期、中期、后期抽验率不得少于10%，质量和封样一致， \n       并将验货照片传回公司。 \n★★★ 重点客人的质量标准检验，产品抽验率不得少于50%，务必做到入箱前检查。 \n 交期：2012年2月15日/工厂。\n       没有经过我司同意无故延期交货造成严重后果的，按照客人的相关要求处理。 \n 开票：出货后请将增值税发票、验货报告、合同复印件及出库单一并寄至我司，以便我司安排付款。', 'BEAKIE LEE', '2018-02-08 08:21:11', '3', '2016-03-21 16:00:00', '待样品确认后方可安排生产', '1', '2', '1', 'toliwerbmfqcuenspvsl', '00010046', '2018-02-08 08:21:11', 'PM/XI', '0');
INSERT INTO `contract_c` VALUES ('25c042b8-85e4-4ff4-9d8f-1817129c5954', '陕西杰信商务发展有限公司', 'GN/4466XN', '2059-12-20 16:00:00', 'Webster', '童赛', '冯行袭', '11608.62', '★   产品与封样无明显差异，唛头、标签及包装质量务必符合公司要求。 \n ★★  产品生产前期、中期、后期抽验率不得少于10%，质量和封样一致， \n       并将验货照片传回公司。 \n★★★ 重点客人的质量标准检验，产品抽验率不得少于50%，务必做到入箱前检查。 \n 交期：2012年2月15日/工厂。\n       没有经过我司同意无故延期交货造成严重后果的，按照客人的相关要求处理。 \n 开票：出货后请将增值税发票、验货报告、合同复印件及出库单一并寄至我司，以便我司安排付款。', 'COACH HOUSE', '2018-02-08 08:21:10', '4', '2016-03-21 16:00:00', '待样品确认后方可安排生产', '0', '2', '1', 'fqbeehncqajnlvjuuwqc', '00010074', '2018-02-08 08:21:10', 'NQ/YD', '0');
INSERT INTO `contract_c` VALUES ('2b2067b1-b254-4114-8ba9-095da45bb99c', '陕西杰信商务发展有限公司', 'EW/6259PK', '2662-02-22 16:00:00', 'Stanford', '万开', '萧子云', '16742.09', '★   产品与封样无明显差异，唛头、标签及包装质量务必符合公司要求。 \n ★★  产品生产前期、中期、后期抽验率不得少于10%，质量和封样一致， \n       并将验货照片传回公司。 \n★★★ 重点客人的质量标准检验，产品抽验率不得少于50%，务必做到入箱前检查。 \n 交期：2012年2月15日/工厂。\n       没有经过我司同意无故延期交货造成严重后果的，按照客人的相关要求处理。 \n 开票：出货后请将增值税发票、验货报告、合同复印件及出库单一并寄至我司，以便我司安排付款。', 'COACH HOUSE', '2018-02-08 08:21:11', '3', '2016-03-21 16:00:00', '由于风险过高,需要请示上级部门才可生产', '1', '2', '0', 'iyyytsjuqrahbnfxtlca', '00010039', '2018-02-08 08:21:11', 'UX/YO', '0');
INSERT INTO `contract_c` VALUES ('3e678779-657a-40d3-8215-9e78f2aab813', '陕西杰信商务发展有限公司', 'CR/0093XP', '2636-01-18 16:00:00', 'Atwood', '巫开', '朱棣', '15193.15', '★   产品与封样无明显差异，唛头、标签及包装质量务必符合公司要求。 \n ★★  产品生产前期、中期、后期抽验率不得少于10%，质量和封样一致， \n       并将验货照片传回公司。 \n★★★ 重点客人的质量标准检验，产品抽验率不得少于50%，务必做到入箱前检查。 \n 交期：2012年2月15日/工厂。\n       没有经过我司同意无故延期交货造成严重后果的，按照客人的相关要求处理。 \n 开票：出货后请将增值税发票、验货报告、合同复印件及出库单一并寄至我司，以便我司安排付款。', 'BEAKIE LEE', '2018-02-08 08:21:13', '4', '2016-03-21 16:00:00', '由于风险过高,需要请示上级部门才可生产', '0', '1', '1', 'zxwqvauujqzhgnytgqgi', '00010090', '2018-02-08 08:21:13', 'ND/GF', '0');
INSERT INTO `contract_c` VALUES ('48ebb5e5-c8d6-44ce-9a90-c881d1aa1a1c', '陕西杰信商务发展有限公司', 'DR/9013JZ', '2894-05-26 16:00:00', 'Ernest', '都帝', '封德彝', '13440.37', '★   产品与封样无明显差异，唛头、标签及包装质量务必符合公司要求。 \n ★★  产品生产前期、中期、后期抽验率不得少于10%，质量和封样一致， \n       并将验货照片传回公司。 \n★★★ 重点客人的质量标准检验，产品抽验率不得少于50%，务必做到入箱前检查。 \n 交期：2012年2月15日/工厂。\n       没有经过我司同意无故延期交货造成严重后果的，按照客人的相关要求处理。 \n 开票：出货后请将增值税发票、验货报告、合同复印件及出库单一并寄至我司，以便我司安排付款。', 'BEAKIE LEE', '2018-02-08 08:21:11', '4', '2016-03-21 16:00:00', '待样品确认后方可安排生产', '1', '2', '0', 'pprsgsfpzkyzfblyeufm', '00010089', '2018-02-08 08:21:11', 'GG/FR', '0');
INSERT INTO `contract_c` VALUES ('49de6e35-296f-42ae-9d17-a53723ffeb76', '陕西杰信商务发展有限公司', 'NP/8737SE', '2780-05-28 16:00:00', 'Marshall', '冯丰', '封德彝', '15377.96', '★   产品与封样无明显差异，唛头、标签及包装质量务必符合公司要求。 \n ★★  产品生产前期、中期、后期抽验率不得少于10%，质量和封样一致， \n       并将验货照片传回公司。 \n★★★ 重点客人的质量标准检验，产品抽验率不得少于50%，务必做到入箱前检查。 \n 交期：2012年2月15日/工厂。\n       没有经过我司同意无故延期交货造成严重后果的，按照客人的相关要求处理。 \n 开票：出货后请将增值税发票、验货报告、合同复印件及出库单一并寄至我司，以便我司安排付款。', 'COACH HOUSE', '2018-02-08 08:21:11', '1', '2016-03-21 16:00:00', '由于风险过高,需要请示上级部门才可生产', '1', '2', '1', 'lcpfkiglerlislgxwfoz', '00010077', '2018-02-08 08:21:11', 'HX/FK', '0');
INSERT INTO `contract_c` VALUES ('5351bd51-2e69-48ae-be48-828f6beb316f', '陕西杰信商务发展有限公司', 'IJ/4545CR', '2795-02-12 16:00:00', 'Stev', '石宣', '朱友珪', '19649.40', '★   产品与封样无明显差异，唛头、标签及包装质量务必符合公司要求。 \n ★★  产品生产前期、中期、后期抽验率不得少于10%，质量和封样一致， \n       并将验货照片传回公司。 \n★★★ 重点客人的质量标准检验，产品抽验率不得少于50%，务必做到入箱前检查。 \n 交期：2012年2月15日/工厂。\n       没有经过我司同意无故延期交货造成严重后果的，按照客人的相关要求处理。 \n 开票：出货后请将增值税发票、验货报告、合同复印件及出库单一并寄至我司，以便我司安排付款。', 'BEAKIE LEE', '2018-02-08 08:21:13', '2', '2016-03-21 16:00:00', '由于风险过高,需要请示上级部门才可生产', '1', '2', '1', 'oedfkpzzxqfywztpcgwu', '00010020', '2018-02-08 08:21:13', 'JU/RC', '0');
INSERT INTO `contract_c` VALUES ('53557cf1-7530-42b7-921b-6519288f822a', '陕西杰信商务发展有限公司', 'UF/6702BW', '2790-01-27 16:00:00', 'Dunn', '鬱仁', '卢思道', '15751.93', '★   产品与封样无明显差异，唛头、标签及包装质量务必符合公司要求。 \n ★★  产品生产前期、中期、后期抽验率不得少于10%，质量和封样一致， \n       并将验货照片传回公司。 \n★★★ 重点客人的质量标准检验，产品抽验率不得少于50%，务必做到入箱前检查。 \n 交期：2012年2月15日/工厂。\n       没有经过我司同意无故延期交货造成严重后果的，按照客人的相关要求处理。 \n 开票：出货后请将增值税发票、验货报告、合同复印件及出库单一并寄至我司，以便我司安排付款。', 'BEAKIE LEE', '2018-02-08 08:21:11', '3', '2016-03-21 16:00:00', '待样品确认后方可安排生产', '0', '3', '0', 'fngrbppxhnvjjeahblpx', '00010045', '2018-02-08 08:21:11', 'MD/RA', '0');
INSERT INTO `contract_c` VALUES ('5c7c841a-a853-48b4-a537-53191b5597df', '陕西杰信商务发展有限公司', 'FM/0040GA', '2523-08-21 16:00:00', 'Greg', '夔显', '拓跋焘', '12769.78', '★   产品与封样无明显差异，唛头、标签及包装质量务必符合公司要求。 \n ★★  产品生产前期、中期、后期抽验率不得少于10%，质量和封样一致， \n       并将验货照片传回公司。 \n★★★ 重点客人的质量标准检验，产品抽验率不得少于50%，务必做到入箱前检查。 \n 交期：2012年2月15日/工厂。\n       没有经过我司同意无故延期交货造成严重后果的，按照客人的相关要求处理。 \n 开票：出货后请将增值税发票、验货报告、合同复印件及出库单一并寄至我司，以便我司安排付款。', 'COACH HOUSE', '2018-02-08 08:21:12', '1', '2016-03-21 16:00:00', '待样品确认后方可安排生产', '0', '0', '1', 'ddjkcwgitzyaocwqihic', '00010072', '2018-02-08 08:21:12', 'TI/CF', '0');
INSERT INTO `contract_c` VALUES ('5faafbf0-3ba3-4ade-aa82-1e862b8fb411', '陕西杰信商务发展有限公司', 'BJ/9010TI', '2519-04-16 16:00:00', 'Page', '仲昕', '陈友谅', '19574.25', '★   产品与封样无明显差异，唛头、标签及包装质量务必符合公司要求。 \n ★★  产品生产前期、中期、后期抽验率不得少于10%，质量和封样一致， \n       并将验货照片传回公司。 \n★★★ 重点客人的质量标准检验，产品抽验率不得少于50%，务必做到入箱前检查。 \n 交期：2012年2月15日/工厂。\n       没有经过我司同意无故延期交货造成严重后果的，按照客人的相关要求处理。 \n 开票：出货后请将增值税发票、验货报告、合同复印件及出库单一并寄至我司，以便我司安排付款。', 'BEAKIE LEE', '2018-02-08 08:21:12', '1', '2016-03-21 16:00:00', '由于风险过高,需要请示上级部门才可生产', '1', '2', '0', 'yguejvxzmnjuoabudpuo', '00010086', '2018-02-08 08:21:12', 'MB/SS', '0');
INSERT INTO `contract_c` VALUES ('67862085-01d0-4350-857e-2fa269d69e32', '陕西杰信商务发展有限公司', 'EA/1321KU', '2719-03-23 16:00:00', 'Armand', '柏庆', '寇准', '12646.61', '★   产品与封样无明显差异，唛头、标签及包装质量务必符合公司要求。 \n ★★  产品生产前期、中期、后期抽验率不得少于10%，质量和封样一致， \n       并将验货照片传回公司。 \n★★★ 重点客人的质量标准检验，产品抽验率不得少于50%，务必做到入箱前检查。 \n 交期：2012年2月15日/工厂。\n       没有经过我司同意无故延期交货造成严重后果的，按照客人的相关要求处理。 \n 开票：出货后请将增值税发票、验货报告、合同复印件及出库单一并寄至我司，以便我司安排付款。', 'COACH HOUSE', '2018-02-08 08:21:12', '2', '2016-03-21 16:00:00', '待样品确认后方可安排生产', '1', '1', '0', 'asdpzfruasmdeoiovyib', '00010070', '2018-02-08 08:21:12', 'HY/YT', '0');
INSERT INTO `contract_c` VALUES ('6d410300-e579-42d1-8d15-4569753b6b4c', '陕西杰信商务发展有限公司', 'DS/0275HC', '2095-02-22 16:00:00', 'Norman', '荣尧', '和琳', '13946.53', '★   产品与封样无明显差异，唛头、标签及包装质量务必符合公司要求。 \n ★★  产品生产前期、中期、后期抽验率不得少于10%，质量和封样一致， \n       并将验货照片传回公司。 \n★★★ 重点客人的质量标准检验，产品抽验率不得少于50%，务必做到入箱前检查。 \n 交期：2012年2月15日/工厂。\n       没有经过我司同意无故延期交货造成严重后果的，按照客人的相关要求处理。 \n 开票：出货后请将增值税发票、验货报告、合同复印件及出库单一并寄至我司，以便我司安排付款。', 'COACH HOUSE', '2018-02-08 08:21:11', '3', '2016-03-21 16:00:00', '待样品确认后方可安排生产', '1', '2', '1', 'tqqrzertfrgjyaoothbj', '00010061', '2018-02-08 08:21:11', 'XK/JI', '0');
INSERT INTO `contract_c` VALUES ('7a843569-5b0e-43b0-ab99-849b51161037', '陕西杰信商务发展有限公司', 'BG/5571TG', '2778-05-20 16:00:00', 'Jared', '文瑞', '霍存', '16254.52', '★   产品与封样无明显差异，唛头、标签及包装质量务必符合公司要求。 \n ★★  产品生产前期、中期、后期抽验率不得少于10%，质量和封样一致， \n       并将验货照片传回公司。 \n★★★ 重点客人的质量标准检验，产品抽验率不得少于50%，务必做到入箱前检查。 \n 交期：2012年2月15日/工厂。\n       没有经过我司同意无故延期交货造成严重后果的，按照客人的相关要求处理。 \n 开票：出货后请将增值税发票、验货报告、合同复印件及出库单一并寄至我司，以便我司安排付款。', 'BEAKIE LEE', '2018-02-08 08:21:11', '2', '2016-03-21 16:00:00', '待样品确认后方可安排生产', '1', '0', '0', 'ycqufugijrmxeruixfbm', '00010083', '2018-02-08 08:21:11', 'GY/AW', '0');
INSERT INTO `contract_c` VALUES ('7b183327-9e3c-4dd8-bb8b-3868b72217e8', '陕西杰信商务发展有限公司', 'WC/0802QR', '2780-02-11 16:00:00', 'Quincy', '空世', '明玉珍', '12115.23', '★   产品与封样无明显差异，唛头、标签及包装质量务必符合公司要求。 \n ★★  产品生产前期、中期、后期抽验率不得少于10%，质量和封样一致， \n       并将验货照片传回公司。 \n★★★ 重点客人的质量标准检验，产品抽验率不得少于50%，务必做到入箱前检查。 \n 交期：2012年2月15日/工厂。\n       没有经过我司同意无故延期交货造成严重后果的，按照客人的相关要求处理。 \n 开票：出货后请将增值税发票、验货报告、合同复印件及出库单一并寄至我司，以便我司安排付款。', 'BEAKIE LEE', '2018-02-08 08:21:13', '2', '2016-03-21 16:00:00', '待样品确认后方可安排生产', '1', '0', '0', 'rgfagjlwwtxyhfeopxkb', '00010004', '2018-02-08 08:21:13', 'IS/YT', '0');
INSERT INTO `contract_c` VALUES ('7c372e01-7827-4366-a5bd-e22142087064', '陕西杰信商务发展有限公司', 'BV/5809QG', '2616-01-27 16:00:00', 'Levi', '叔梦', '徐羡之', '10926.82', '★   产品与封样无明显差异，唛头、标签及包装质量务必符合公司要求。 \n ★★  产品生产前期、中期、后期抽验率不得少于10%，质量和封样一致， \n       并将验货照片传回公司。 \n★★★ 重点客人的质量标准检验，产品抽验率不得少于50%，务必做到入箱前检查。 \n 交期：2012年2月15日/工厂。\n       没有经过我司同意无故延期交货造成严重后果的，按照客人的相关要求处理。 \n 开票：出货后请将增值税发票、验货报告、合同复印件及出库单一并寄至我司，以便我司安排付款。', 'COACH HOUSE', '2018-02-08 08:21:12', '3', '2016-03-21 16:00:00', '待样品确认后方可安排生产', '1', '2', '1', 'hfbwfdvxwpfuomvsxzyh', '00010008', '2018-02-08 08:21:12', 'AB/PW', '0');
INSERT INTO `contract_c` VALUES ('7da9a657-a5d7-411a-a26b-e3db1ce44b98', '陕西杰信商务发展有限公司', 'WS/6121IN', '2134-05-22 16:00:00', 'Arno', '璩长', '王师范', '14110.25', '★   产品与封样无明显差异，唛头、标签及包装质量务必符合公司要求。 \n ★★  产品生产前期、中期、后期抽验率不得少于10%，质量和封样一致， \n       并将验货照片传回公司。 \n★★★ 重点客人的质量标准检验，产品抽验率不得少于50%，务必做到入箱前检查。 \n 交期：2012年2月15日/工厂。\n       没有经过我司同意无故延期交货造成严重后果的，按照客人的相关要求处理。 \n 开票：出货后请将增值税发票、验货报告、合同复印件及出库单一并寄至我司，以便我司安排付款。', 'BEAKIE LEE', '2018-02-08 08:21:11', '3', '2016-03-21 16:00:00', '待样品确认后方可安排生产', '0', '3', '0', 'rvpsooncexziflwefjoi', '00010030', '2018-02-08 08:21:11', 'SH/VD', '0');
INSERT INTO `contract_c` VALUES ('8367366e-3715-4f9a-959d-8c0633c23446', '陕西杰信商务发展有限公司', 'JW/4423DU', '2698-04-11 16:00:00', 'Lynn', '嵇羹', '柯九思', '10144.57', '★   产品与封样无明显差异，唛头、标签及包装质量务必符合公司要求。 \n ★★  产品生产前期、中期、后期抽验率不得少于10%，质量和封样一致， \n       并将验货照片传回公司。 \n★★★ 重点客人的质量标准检验，产品抽验率不得少于50%，务必做到入箱前检查。 \n 交期：2012年2月15日/工厂。\n       没有经过我司同意无故延期交货造成严重后果的，按照客人的相关要求处理。 \n 开票：出货后请将增值税发票、验货报告、合同复印件及出库单一并寄至我司，以便我司安排付款。', 'COACH HOUSE', '2018-02-08 08:21:13', '2', '2016-03-21 16:00:00', '由于风险过高,需要请示上级部门才可生产', '1', '0', '0', 'bhdzneqgqfawdpiypzvd', '00010050', '2018-02-08 08:21:13', 'CI/AZ', '0');
INSERT INTO `contract_c` VALUES ('85084a38-8d62-45f7-b1a2-b91593f1a82d', '陕西杰信商务发展有限公司', 'AY/2372YB', '2504-03-17 16:00:00', 'Nat', '蒙禧', '高颖', '12330.97', '★   产品与封样无明显差异，唛头、标签及包装质量务必符合公司要求。 \n ★★  产品生产前期、中期、后期抽验率不得少于10%，质量和封样一致， \n       并将验货照片传回公司。 \n★★★ 重点客人的质量标准检验，产品抽验率不得少于50%，务必做到入箱前检查。 \n 交期：2012年2月15日/工厂。\n       没有经过我司同意无故延期交货造成严重后果的，按照客人的相关要求处理。 \n 开票：出货后请将增值税发票、验货报告、合同复印件及出库单一并寄至我司，以便我司安排付款。', 'BEAKIE LEE', '2018-02-08 08:21:12', '1', '2016-03-21 16:00:00', '待样品确认后方可安排生产', '0', '3', '1', 'pcfybuzofrgjczyrcbaq', '00010037', '2018-02-08 08:21:12', 'UK/JF', '0');
INSERT INTO `contract_c` VALUES ('8aeccde0-f7c9-4d76-b752-0d24d637a13f', '陕西杰信商务发展有限公司', 'XG/2525TO', '2348-08-24 16:00:00', 'Upton', '扈云', '顾起元', '12693.42', '★   产品与封样无明显差异，唛头、标签及包装质量务必符合公司要求。 \n ★★  产品生产前期、中期、后期抽验率不得少于10%，质量和封样一致， \n       并将验货照片传回公司。 \n★★★ 重点客人的质量标准检验，产品抽验率不得少于50%，务必做到入箱前检查。 \n 交期：2012年2月15日/工厂。\n       没有经过我司同意无故延期交货造成严重后果的，按照客人的相关要求处理。 \n 开票：出货后请将增值税发票、验货报告、合同复印件及出库单一并寄至我司，以便我司安排付款。', 'COACH HOUSE', '2018-02-08 08:21:12', '2', '2016-03-21 16:00:00', '由于风险过高,需要请示上级部门才可生产', '1', '2', '1', 'puwcqeizjxqwqonojcko', '00010076', '2018-02-08 08:21:12', 'IS/TK', '0');
INSERT INTO `contract_c` VALUES ('8b172508-5f5d-4353-b759-457d7564465a', '陕西杰信商务发展有限公司', 'PP/5153IK', '2591-08-15 16:00:00', 'Hale', '庾帝', '岳飞', '12518.37', '★   产品与封样无明显差异，唛头、标签及包装质量务必符合公司要求。 \n ★★  产品生产前期、中期、后期抽验率不得少于10%，质量和封样一致， \n       并将验货照片传回公司。 \n★★★ 重点客人的质量标准检验，产品抽验率不得少于50%，务必做到入箱前检查。 \n 交期：2012年2月15日/工厂。\n       没有经过我司同意无故延期交货造成严重后果的，按照客人的相关要求处理。 \n 开票：出货后请将增值税发票、验货报告、合同复印件及出库单一并寄至我司，以便我司安排付款。', 'BEAKIE LEE', '2018-02-08 08:21:11', '3', '2016-03-21 16:00:00', '待样品确认后方可安排生产', '1', '3', '1', 'ualtzvfaagwjpvtrvlab', '00010034', '2018-02-08 08:21:11', 'PR/FK', '0');
INSERT INTO `contract_c` VALUES ('93432b52-1094-4e82-a45b-83817df96026', '陕西杰信商务发展有限公司', 'ZJ/9564AM', '2022-04-24 16:00:00', 'Prescott', '门抒', '赵孟頫', '14784.62', '★   产品与封样无明显差异，唛头、标签及包装质量务必符合公司要求。 \n ★★  产品生产前期、中期、后期抽验率不得少于10%，质量和封样一致， \n       并将验货照片传回公司。 \n★★★ 重点客人的质量标准检验，产品抽验率不得少于50%，务必做到入箱前检查。 \n 交期：2012年2月15日/工厂。\n       没有经过我司同意无故延期交货造成严重后果的，按照客人的相关要求处理。 \n 开票：出货后请将增值税发票、验货报告、合同复印件及出库单一并寄至我司，以便我司安排付款。', 'BEAKIE LEE', '2018-02-08 08:21:12', '1', '2016-03-21 16:00:00', '待样品确认后方可安排生产', '0', '2', '0', 'plealshrdoihpdihtesf', '00010046', '2018-02-08 08:21:12', 'MB/EI', '0');
INSERT INTO `contract_c` VALUES ('995d01fd-0fa3-4521-bb80-0ab957d731c0', '陕西杰信商务发展有限公司', 'HS/0279CV', '2484-02-16 16:00:00', 'Abel', '阳枝', '拓跋珪', '14993.60', '★   产品与封样无明显差异，唛头、标签及包装质量务必符合公司要求。 \n ★★  产品生产前期、中期、后期抽验率不得少于10%，质量和封样一致， \n       并将验货照片传回公司。 \n★★★ 重点客人的质量标准检验，产品抽验率不得少于50%，务必做到入箱前检查。 \n 交期：2012年2月15日/工厂。\n       没有经过我司同意无故延期交货造成严重后果的，按照客人的相关要求处理。 \n 开票：出货后请将增值税发票、验货报告、合同复印件及出库单一并寄至我司，以便我司安排付款。', 'COACH HOUSE', '2018-02-08 08:21:11', '1', '2016-03-21 16:00:00', '由于风险过高,需要请示上级部门才可生产', '1', '3', '1', 'jjythjewykpqtjawcwhm', '00010076', '2018-02-08 08:21:11', 'IU/OE', '0');
INSERT INTO `contract_c` VALUES ('9f42eda5-71d7-4d19-9ff5-803efa76d169', '陕西杰信商务发展有限公司', 'VA/5579WI', '2346-04-16 16:00:00', 'Rachel', '公和', '吴承恩', '12533.12', '★   产品与封样无明显差异，唛头、标签及包装质量务必符合公司要求。 \n ★★  产品生产前期、中期、后期抽验率不得少于10%，质量和封样一致， \n       并将验货照片传回公司。 \n★★★ 重点客人的质量标准检验，产品抽验率不得少于50%，务必做到入箱前检查。 \n 交期：2012年2月15日/工厂。\n       没有经过我司同意无故延期交货造成严重后果的，按照客人的相关要求处理。 \n 开票：出货后请将增值税发票、验货报告、合同复印件及出库单一并寄至我司，以便我司安排付款。', 'BEAKIE LEE', '2018-02-08 08:21:12', '2', '2016-03-21 16:00:00', '由于风险过高,需要请示上级部门才可生产', '1', '0', '0', 'ppvtkjwvyvothskfebev', '00010054', '2018-02-08 08:21:12', 'PI/UO', '0');
INSERT INTO `contract_c` VALUES ('9f9c3654-c859-48cb-b0f9-a29098a1e5f3', '陕西杰信商务发展有限公司', 'HE/7160FC', '2719-12-28 16:00:00', 'Brady', '梁岚', '张宪', '11464.46', '★   产品与封样无明显差异，唛头、标签及包装质量务必符合公司要求。 \n ★★  产品生产前期、中期、后期抽验率不得少于10%，质量和封样一致， \n       并将验货照片传回公司。 \n★★★ 重点客人的质量标准检验，产品抽验率不得少于50%，务必做到入箱前检查。 \n 交期：2012年2月15日/工厂。\n       没有经过我司同意无故延期交货造成严重后果的，按照客人的相关要求处理。 \n 开票：出货后请将增值税发票、验货报告、合同复印件及出库单一并寄至我司，以便我司安排付款。', 'BEAKIE LEE', '2018-02-08 08:21:12', '3', '2016-03-21 16:00:00', '待样品确认后方可安排生产', '0', '3', '0', 'xasblfhalmpqbhhajfzf', '00010069', '2018-02-08 08:21:12', 'FC/TF', '0');
INSERT INTO `contract_c` VALUES ('a094a751-6e56-42c0-9277-8c53e6f6457c', '陕西杰信商务发展有限公司', 'QH/0385BK', '2257-05-12 16:00:00', 'Felix', '延拱', '正德皇帝', '16134.62', '★   产品与封样无明显差异，唛头、标签及包装质量务必符合公司要求。 \n ★★  产品生产前期、中期、后期抽验率不得少于10%，质量和封样一致， \n       并将验货照片传回公司。 \n★★★ 重点客人的质量标准检验，产品抽验率不得少于50%，务必做到入箱前检查。 \n 交期：2012年2月15日/工厂。\n       没有经过我司同意无故延期交货造成严重后果的，按照客人的相关要求处理。 \n 开票：出货后请将增值税发票、验货报告、合同复印件及出库单一并寄至我司，以便我司安排付款。', 'COACH HOUSE', '2018-02-08 08:21:11', '3', '2016-03-21 16:00:00', '由于风险过高,需要请示上级部门才可生产', '0', '2', '1', 'gmemqrypdyogtctqkrdj', '00010011', '2018-02-08 08:21:11', 'UL/ML', '0');
INSERT INTO `contract_c` VALUES ('a0d989df-15b0-4e63-90ed-d6da131a39d9', '陕西杰信商务发展有限公司', 'IJ/2596NG', '2700-05-13 16:00:00', 'Ferdinand', '史熙', '宣统', '14445.43', '★   产品与封样无明显差异，唛头、标签及包装质量务必符合公司要求。 \n ★★  产品生产前期、中期、后期抽验率不得少于10%，质量和封样一致， \n       并将验货照片传回公司。 \n★★★ 重点客人的质量标准检验，产品抽验率不得少于50%，务必做到入箱前检查。 \n 交期：2012年2月15日/工厂。\n       没有经过我司同意无故延期交货造成严重后果的，按照客人的相关要求处理。 \n 开票：出货后请将增值税发票、验货报告、合同复印件及出库单一并寄至我司，以便我司安排付款。', 'BEAKIE LEE', '2018-02-08 08:21:12', '4', '2016-03-21 16:00:00', '待样品确认后方可安排生产', '0', '0', '1', 'wwroufpmbjxjytphzqaw', '00010059', '2018-02-08 08:21:12', 'IV/TT', '0');
INSERT INTO `contract_c` VALUES ('a0e2c4f0-52c5-4101-bc37-56dfd20c15d4', '陕西杰信商务发展有限公司', 'RB/5788RR', '2032-06-26 16:00:00', 'Hogan', '齐朝', '宣统', '15154.29', '★   产品与封样无明显差异，唛头、标签及包装质量务必符合公司要求。 \n ★★  产品生产前期、中期、后期抽验率不得少于10%，质量和封样一致， \n       并将验货照片传回公司。 \n★★★ 重点客人的质量标准检验，产品抽验率不得少于50%，务必做到入箱前检查。 \n 交期：2012年2月15日/工厂。\n       没有经过我司同意无故延期交货造成严重后果的，按照客人的相关要求处理。 \n 开票：出货后请将增值税发票、验货报告、合同复印件及出库单一并寄至我司，以便我司安排付款。', 'COACH HOUSE', '2018-02-08 08:21:11', '3', '2016-03-21 16:00:00', '由于风险过高,需要请示上级部门才可生产', '0', '0', '0', 'yfgbfxeqqjdlnhoysqgq', '00010012', '2018-02-08 08:21:11', 'VO/JD', '0');
INSERT INTO `contract_c` VALUES ('a529a40c-78ea-4a86-95da-215c2eeba6a6', '陕西杰信商务发展有限公司', 'GE/8759SV', '2827-08-12 16:00:00', 'Gilbert', '江棣', '曾国藩', '19119.56', '★   产品与封样无明显差异，唛头、标签及包装质量务必符合公司要求。 \n ★★  产品生产前期、中期、后期抽验率不得少于10%，质量和封样一致， \n       并将验货照片传回公司。 \n★★★ 重点客人的质量标准检验，产品抽验率不得少于50%，务必做到入箱前检查。 \n 交期：2012年2月15日/工厂。\n       没有经过我司同意无故延期交货造成严重后果的，按照客人的相关要求处理。 \n 开票：出货后请将增值税发票、验货报告、合同复印件及出库单一并寄至我司，以便我司安排付款。', 'BEAKIE LEE', '2018-02-08 08:21:12', '4', '2016-03-21 16:00:00', '待样品确认后方可安排生产', '1', '1', '0', 'dpzufcqsngtgyskxgopd', '00010027', '2018-02-08 08:21:12', 'QC/LA', '0');
INSERT INTO `contract_c` VALUES ('afb9eb61-e303-4dfa-a2d8-64d7e7288071', '陕西杰信商务发展有限公司', 'BV/4624ID', '2460-08-27 16:00:00', 'Quinn', '东极', '阴寿', '16731.47', '★   产品与封样无明显差异，唛头、标签及包装质量务必符合公司要求。 \n ★★  产品生产前期、中期、后期抽验率不得少于10%，质量和封样一致， \n       并将验货照片传回公司。 \n★★★ 重点客人的质量标准检验，产品抽验率不得少于50%，务必做到入箱前检查。 \n 交期：2012年2月15日/工厂。\n       没有经过我司同意无故延期交货造成严重后果的，按照客人的相关要求处理。 \n 开票：出货后请将增值税发票、验货报告、合同复印件及出库单一并寄至我司，以便我司安排付款。', 'COACH HOUSE', '2018-02-08 08:21:12', '4', '2016-03-21 16:00:00', '待样品确认后方可安排生产', '1', '0', '1', 'xugliwglcbyaligxsnkd', '00010090', '2018-02-08 08:21:12', 'VF/WE', '0');
INSERT INTO `contract_c` VALUES ('b791ce8a-2d82-499a-9665-c82fdbefbb2c', '陕西杰信商务发展有限公司', 'WL/6568SU', '2741-02-17 16:00:00', 'Christian', '彭畴', '刘义隆', '13439.18', '★   产品与封样无明显差异，唛头、标签及包装质量务必符合公司要求。 \n ★★  产品生产前期、中期、后期抽验率不得少于10%，质量和封样一致， \n       并将验货照片传回公司。 \n★★★ 重点客人的质量标准检验，产品抽验率不得少于50%，务必做到入箱前检查。 \n 交期：2012年2月15日/工厂。\n       没有经过我司同意无故延期交货造成严重后果的，按照客人的相关要求处理。 \n 开票：出货后请将增值税发票、验货报告、合同复印件及出库单一并寄至我司，以便我司安排付款。', 'COACH HOUSE', '2018-02-08 08:21:11', '2', '2016-03-21 16:00:00', '由于风险过高,需要请示上级部门才可生产', '1', '3', '0', 'tnwipxxcccexnlyppsgn', '00010024', '2018-02-08 08:21:11', 'CL/BY', '0');
INSERT INTO `contract_c` VALUES ('b81812d6-d086-47a1-a66f-380847372a25', '陕西杰信商务发展有限公司', 'EO/1234FE', '2040-03-19 16:00:00', 'Kyle', '严仁', '晏几道', '18685.40', '★   产品与封样无明显差异，唛头、标签及包装质量务必符合公司要求。 \n ★★  产品生产前期、中期、后期抽验率不得少于10%，质量和封样一致， \n       并将验货照片传回公司。 \n★★★ 重点客人的质量标准检验，产品抽验率不得少于50%，务必做到入箱前检查。 \n 交期：2012年2月15日/工厂。\n       没有经过我司同意无故延期交货造成严重后果的，按照客人的相关要求处理。 \n 开票：出货后请将增值税发票、验货报告、合同复印件及出库单一并寄至我司，以便我司安排付款。', 'COACH HOUSE', '2018-02-08 08:21:12', '4', '2016-03-21 16:00:00', '待样品确认后方可安排生产', '1', '1', '0', 'fnvkebbgkcutljleiglj', '00010061', '2018-02-08 08:21:12', 'WC/AQ', '0');
INSERT INTO `contract_c` VALUES ('bdeac321-1ced-4855-9796-95f7ef4f3321', '陕西杰信商务发展有限公司', 'KQ/3025OK', '2064-05-18 16:00:00', 'Pete', '饶元', '李商隐', '16142.60', '★   产品与封样无明显差异，唛头、标签及包装质量务必符合公司要求。 \n ★★  产品生产前期、中期、后期抽验率不得少于10%，质量和封样一致， \n       并将验货照片传回公司。 \n★★★ 重点客人的质量标准检验，产品抽验率不得少于50%，务必做到入箱前检查。 \n 交期：2012年2月15日/工厂。\n       没有经过我司同意无故延期交货造成严重后果的，按照客人的相关要求处理。 \n 开票：出货后请将增值税发票、验货报告、合同复印件及出库单一并寄至我司，以便我司安排付款。', 'COACH HOUSE', '2018-02-08 08:21:12', '2', '2016-03-21 16:00:00', '待样品确认后方可安排生产', '0', '2', '0', 'tgpqraraifralaeypvgv', '00010095', '2018-02-08 08:21:12', 'BI/VE', '0');
INSERT INTO `contract_c` VALUES ('c4cb35e9-0894-4b17-b371-6cecf1162ba0', '陕西杰信商务发展有限公司', 'GZ/6419CR', '2532-12-15 16:00:00', 'Bruce', '丁蕃', '宇文成都', '17342.66', '★   产品与封样无明显差异，唛头、标签及包装质量务必符合公司要求。 \n ★★  产品生产前期、中期、后期抽验率不得少于10%，质量和封样一致， \n       并将验货照片传回公司。 \n★★★ 重点客人的质量标准检验，产品抽验率不得少于50%，务必做到入箱前检查。 \n 交期：2012年2月15日/工厂。\n       没有经过我司同意无故延期交货造成严重后果的，按照客人的相关要求处理。 \n 开票：出货后请将增值税发票、验货报告、合同复印件及出库单一并寄至我司，以便我司安排付款。', 'BEAKIE LEE', '2018-02-08 08:21:12', '4', '2016-03-21 16:00:00', '待样品确认后方可安排生产', '1', '1', '1', 'fcgbwpujbryuuycvwqlp', '00010019', '2018-02-08 08:21:12', 'UW/BA', '0');
INSERT INTO `contract_c` VALUES ('ce052f7a-ea9c-4ccb-a078-66e7d13fd14c', '陕西杰信商务发展有限公司', 'AB/8835AV', '2318-12-14 16:00:00', 'Prescott', '双应', '萧统', '16586.16', '★   产品与封样无明显差异，唛头、标签及包装质量务必符合公司要求。 \n ★★  产品生产前期、中期、后期抽验率不得少于10%，质量和封样一致， \n       并将验货照片传回公司。 \n★★★ 重点客人的质量标准检验，产品抽验率不得少于50%，务必做到入箱前检查。 \n 交期：2012年2月15日/工厂。\n       没有经过我司同意无故延期交货造成严重后果的，按照客人的相关要求处理。 \n 开票：出货后请将增值税发票、验货报告、合同复印件及出库单一并寄至我司，以便我司安排付款。', 'BEAKIE LEE', '2018-02-08 08:21:12', '3', '2016-03-21 16:00:00', '待样品确认后方可安排生产', '1', '2', '0', 'wyfiljuyyqygvfcjkhom', '00010071', '2018-02-08 08:21:12', 'ID/PA', '0');
INSERT INTO `contract_c` VALUES ('d1c24c05-79ee-4d44-a633-ae790a5f33b1', '陕西杰信商务发展有限公司', 'CD/7420YD', '2818-04-24 16:00:00', 'Edison', '正圆', '太平公主', '19927.02', '★   产品与封样无明显差异，唛头、标签及包装质量务必符合公司要求。 \n ★★  产品生产前期、中期、后期抽验率不得少于10%，质量和封样一致， \n       并将验货照片传回公司。 \n★★★ 重点客人的质量标准检验，产品抽验率不得少于50%，务必做到入箱前检查。 \n 交期：2012年2月15日/工厂。\n       没有经过我司同意无故延期交货造成严重后果的，按照客人的相关要求处理。 \n 开票：出货后请将增值税发票、验货报告、合同复印件及出库单一并寄至我司，以便我司安排付款。', 'BEAKIE LEE', '2018-02-08 08:21:11', '3', '2016-03-21 16:00:00', '由于风险过高,需要请示上级部门才可生产', '0', '1', '0', 'udqyyomzqfwfioiesdkz', '00010030', '2018-02-08 08:21:11', 'CV/PQ', '0');
INSERT INTO `contract_c` VALUES ('d84b208e-25e0-4847-a9e3-ad5f351002bc', '陕西杰信商务发展有限公司', 'BJ/4496KT', '2606-08-19 16:00:00', 'Saxon', '贲龙', '李开芳', '18695.47', '★   产品与封样无明显差异，唛头、标签及包装质量务必符合公司要求。 \n ★★  产品生产前期、中期、后期抽验率不得少于10%，质量和封样一致， \n       并将验货照片传回公司。 \n★★★ 重点客人的质量标准检验，产品抽验率不得少于50%，务必做到入箱前检查。 \n 交期：2012年2月15日/工厂。\n       没有经过我司同意无故延期交货造成严重后果的，按照客人的相关要求处理。 \n 开票：出货后请将增值税发票、验货报告、合同复印件及出库单一并寄至我司，以便我司安排付款。', 'COACH HOUSE', '2018-02-08 08:21:13', '4', '2016-03-21 16:00:00', '由于风险过高,需要请示上级部门才可生产', '1', '0', '1', 'gejeubhvnsrsqowjehdq', '00010058', '2018-02-08 08:21:13', 'MW/YW', '0');
INSERT INTO `contract_c` VALUES ('dcf157b3-f7ec-47dc-b71d-4ec8a9da6f34', '陕西杰信商务发展有限公司', 'QA/4551CA', '2874-12-27 16:00:00', 'Arno', '詹成', '倪云林', '10871.00', '★   产品与封样无明显差异，唛头、标签及包装质量务必符合公司要求。 \n ★★  产品生产前期、中期、后期抽验率不得少于10%，质量和封样一致， \n       并将验货照片传回公司。 \n★★★ 重点客人的质量标准检验，产品抽验率不得少于50%，务必做到入箱前检查。 \n 交期：2012年2月15日/工厂。\n       没有经过我司同意无故延期交货造成严重后果的，按照客人的相关要求处理。 \n 开票：出货后请将增值税发票、验货报告、合同复印件及出库单一并寄至我司，以便我司安排付款。', 'BEAKIE LEE', '2018-02-08 08:21:11', '4', '2016-03-21 16:00:00', '由于风险过高,需要请示上级部门才可生产', '0', '1', '1', 'gtufybtozffwpklpgjey', '00010021', '2018-02-08 08:21:11', 'BB/KY', '0');
INSERT INTO `contract_c` VALUES ('ddfa570c-13ca-4ba8-a4c9-94083dae1782', '陕西杰信商务发展有限公司', 'AT/8360CS', '2129-05-24 16:00:00', 'Alger', '葛和', '张居正', '13338.66', '★   产品与封样无明显差异，唛头、标签及包装质量务必符合公司要求。 \n ★★  产品生产前期、中期、后期抽验率不得少于10%，质量和封样一致， \n       并将验货照片传回公司。 \n★★★ 重点客人的质量标准检验，产品抽验率不得少于50%，务必做到入箱前检查。 \n 交期：2012年2月15日/工厂。\n       没有经过我司同意无故延期交货造成严重后果的，按照客人的相关要求处理。 \n 开票：出货后请将增值税发票、验货报告、合同复印件及出库单一并寄至我司，以便我司安排付款。', 'COACH HOUSE', '2018-02-08 08:21:13', '4', '2016-03-21 16:00:00', '待样品确认后方可安排生产', '0', '1', '0', 'jdsuhapwawykjoujqdrc', '00010028', '2018-02-08 08:21:13', 'JM/GD', '0');
INSERT INTO `contract_c` VALUES ('f5d24884-a03e-4014-8094-bb81dd5a6a20', '陕西杰信商务发展有限公司', 'PY/0528BG', '2568-02-25 16:00:00', 'Arnold', '于尼', '张存敬', '14775.55', '★   产品与封样无明显差异，唛头、标签及包装质量务必符合公司要求。 \n ★★  产品生产前期、中期、后期抽验率不得少于10%，质量和封样一致， \n       并将验货照片传回公司。 \n★★★ 重点客人的质量标准检验，产品抽验率不得少于50%，务必做到入箱前检查。 \n 交期：2012年2月15日/工厂。\n       没有经过我司同意无故延期交货造成严重后果的，按照客人的相关要求处理。 \n 开票：出货后请将增值税发票、验货报告、合同复印件及出库单一并寄至我司，以便我司安排付款。', 'COACH HOUSE', '2018-02-08 08:21:11', '4', '2016-03-21 16:00:00', '待样品确认后方可安排生产', '1', '1', '0', 'kodafvayjynwatsokpls', '00010081', '2018-02-08 08:21:11', 'EE/JQ', '0');
INSERT INTO `contract_c` VALUES ('fb7bb4e9-ddab-42fc-a8a9-50250f8efa6d', '陕西杰信商务发展有限公司', 'DE/0353JN', '2438-06-19 16:00:00', 'Angelo', '司英', '丁会', '10392.67', '★   产品与封样无明显差异，唛头、标签及包装质量务必符合公司要求。 \n ★★  产品生产前期、中期、后期抽验率不得少于10%，质量和封样一致， \n       并将验货照片传回公司。 \n★★★ 重点客人的质量标准检验，产品抽验率不得少于50%，务必做到入箱前检查。 \n 交期：2012年2月15日/工厂。\n       没有经过我司同意无故延期交货造成严重后果的，按照客人的相关要求处理。 \n 开票：出货后请将增值税发票、验货报告、合同复印件及出库单一并寄至我司，以便我司安排付款。', 'BEAKIE LEE', '2018-02-08 08:21:11', '1', '2016-03-21 16:00:00', '待样品确认后方可安排生产', '0', '3', '0', 'fntayfyrrcfvfozvniql', '00010015', '2018-02-08 08:21:11', 'ZP/IM', '0');
INSERT INTO `contract_c` VALUES ('ff917954-fa2c-4184-a07b-073c90b6d01f', '陕西杰信商务发展有限公司', 'FR/2117JE', '2804-03-14 16:00:00', 'Boyd', '康三', '杨戬', '19509.05', '★   产品与封样无明显差异，唛头、标签及包装质量务必符合公司要求。 \n ★★  产品生产前期、中期、后期抽验率不得少于10%，质量和封样一致， \n       并将验货照片传回公司。 \n★★★ 重点客人的质量标准检验，产品抽验率不得少于50%，务必做到入箱前检查。 \n 交期：2012年2月15日/工厂。\n       没有经过我司同意无故延期交货造成严重后果的，按照客人的相关要求处理。 \n 开票：出货后请将增值税发票、验货报告、合同复印件及出库单一并寄至我司，以便我司安排付款。', 'COACH HOUSE', '2018-02-08 08:21:11', '3', '2016-03-21 16:00:00', '由于风险过高,需要请示上级部门才可生产', '0', '3', '1', 'wzgiafxafwwbufrbmlrh', '00010097', '2018-02-08 08:21:11', 'PT/ZM', '0');

-- ----------------------------
-- Table structure for contract_product_c
-- ----------------------------
DROP TABLE IF EXISTS `contract_product_c`;
CREATE TABLE `contract_product_c` (
  `CONTRACT_PRODUCT_ID` varchar(90) NOT NULL COMMENT '唯一',
  `contractId` varchar(40) DEFAULT NULL,
  `EXPORT_LIST_ID` varchar(40) DEFAULT NULL,
  `INVOICE_ID` varchar(40) DEFAULT NULL,
  `PRODUCT_NAME` varchar(200) DEFAULT NULL,
  `productNo` varchar(50) DEFAULT NULL,
  `productImage` varchar(200) DEFAULT NULL,
  `productDesc` varchar(600) DEFAULT NULL,
  `SIZE_LENGTH` decimal(10,2) DEFAULT NULL,
  `SIZE_WIDTH` decimal(10,2) DEFAULT NULL,
  `SIZE_HEIGHT` decimal(10,2) DEFAULT NULL,
  `loadingRate` varchar(30) DEFAULT NULL,
  `PRODUCT_REQUEST` varchar(2000) DEFAULT NULL,
  `factoryId` varchar(40) DEFAULT NULL,
  `packingUnit` varchar(20) DEFAULT NULL,
  `cnumber` int(11) DEFAULT NULL,
  `outNumber` int(11) DEFAULT NULL,
  `finished` bit(1) DEFAULT NULL,
  `price` decimal(10,2) DEFAULT NULL,
  `amount` decimal(10,2) DEFAULT NULL,
  `CUNIT` varchar(10) DEFAULT NULL,
  `boxNum` int(11) DEFAULT NULL,
  `GROSS_WEIGHT` decimal(10,2) DEFAULT NULL,
  `NET_WEIGHT` decimal(10,2) DEFAULT NULL,
  `CSIZE` varchar(20) DEFAULT NULL,
  `EX_PRICE` decimal(10,2) DEFAULT NULL,
  `EX_AMOUNT` decimal(10,2) DEFAULT NULL,
  `EX_UNIT` varchar(10) DEFAULT NULL,
  `NO_TAX` decimal(10,2) DEFAULT NULL,
  `TAX` decimal(10,2) DEFAULT NULL,
  `COST_PRICE` decimal(10,2) DEFAULT NULL,
  `COST_TAX` decimal(10,2) DEFAULT NULL,
  `ACCESSORIES` bit(1) DEFAULT NULL,
  `orderNo` int(11) DEFAULT NULL,
  `factoryName` varchar(1255) DEFAULT NULL,
  `exts` varchar(555) DEFAULT NULL,
  PRIMARY KEY (`CONTRACT_PRODUCT_ID`)
) ENGINE=InnoDB DEFAULT CHARSET=utf8;

-- ----------------------------
-- Records of contract_product_c
-- ----------------------------
INSERT INTO `contract_product_c` VALUES ('0cdf5e6e-6f16-4b3f-9cca-e599a8925e12', '53557cf1-7530-42b7-921b-6519288f822a', null, null, null, '7630', '/home/zhou/ssh_java/config', '\"nothing\"', null, null, null, '1/3', null, '33f80e0b-d9f9-465f-8d33-416140b29fd2', 'POI', '10376', '0', '\0', '2342.38', '552801.16', null, '236', null, null, null, null, null, null, null, null, null, null, null, '2', '', 'No specific instructions');
INSERT INTO `contract_product_c` VALUES ('11047de2-3cf8-4cad-aa99-9996ef79f1b7', '53557cf1-7530-42b7-921b-6519288f822a', null, null, null, '12109', '/home/zhou/ssh_java/config', '全明料冰花风灯粘电镀底座， 	\n喷紫色，全喷，内电镀花银	\n尺寸：15.8X32CM高		\n1只/五层内盒     6只/五层大箱\n产品用白纸，瓦楞纸，气泡纸包裹后入内盒，大箱，大箱用胶带纸工字封口', null, null, null, '1/3', null, '24306846-79f9-4daf-8612-47adb2687f04', 'POI', '5371', '0', '\0', '5060.57', '1315748.52', null, '260', null, null, null, null, null, null, null, null, null, null, null, '4', 'a', 'No specific instructions');
INSERT INTO `contract_product_c` VALUES ('14cefe36-6cf3-43da-b842-47c0079f24d2', '7b183327-9e3c-4dd8-bb8b-3868b72217e8', null, null, null, '12877', '/home/zhou/ssh_java/config', '全明料冰花风灯粘电镀底座， 	\n喷紫色，全喷，内电镀花银	\n尺寸：15.8X32CM高		\n1只/五层内盒     6只/五层大箱\n产品用白纸，瓦楞纸，气泡纸包裹后入内盒，大箱，大箱用胶带纸工字封口', null, null, null, '1/3', null, 'be03b359-0763-4f28-94f5-a2b2e6f19d0b', 'URT', '8217', '0', '\0', '4535.18', '1265314.83', null, '279', null, null, null, null, null, null, null, null, null, null, null, '5', '', 'No specific instructions');
INSERT INTO `contract_product_c` VALUES ('150ae0c0-b6bb-4952-917b-284336c8eef9', '53557cf1-7530-42b7-921b-6519288f822a', null, null, null, '9386', '/home/zhou/ssh_java/config', '全明料平光蛋糕罩配钻石盘子	\n罩子上粘小鸟，小鸟和钻石盘我司供\n罩子尺寸：26X36CM高		\n1套/上下保利龙盖/内盒		\n2套/大箱			\n保利龙垫工厂供\n产品用保丽龙包装后入内盒，大箱，大箱用胶带纸工字封口。', null, null, null, '1/3', null, '24306846-79f9-4daf-8612-47adb2687f04', 'URT', '13283', '0', '\0', '7768.91', '1981071.04', null, '255', null, null, null, null, null, null, null, null, null, null, null, '5', 'a', 'No specific instructions');
INSERT INTO `contract_product_c` VALUES ('159b6f81-d383-448c-86f6-7361045292c1', '7b183327-9e3c-4dd8-bb8b-3868b72217e8', null, null, null, '8624', '/home/zhou/ssh_java/config', '全明料平光蛋糕罩配钻石盘子	\n罩子上粘小鸟，小鸟和钻石盘我司供\n罩子尺寸：26X36CM高		\n1套/上下保利龙盖/内盒		\n2套/大箱			\n保利龙垫工厂供\n产品用保丽龙包装后入内盒，大箱，大箱用胶带纸工字封口。', null, null, null, '1/3', null, '24306846-79f9-4daf-8612-47adb2687f04', 'POI', '312', '0', '\0', '5566.60', '1536381.03', null, '276', null, null, null, null, null, null, null, null, null, null, null, '2', 'a', 'No specific instructions');
INSERT INTO `contract_product_c` VALUES ('19b7efe2-cb8a-46d6-9c50-296636281598', '53557cf1-7530-42b7-921b-6519288f822a', null, null, null, '6435', '/home/zhou/ssh_java/config', '全明料冰花风灯粘电镀底座， 	\n喷紫色，全喷，内电镀花银	\n尺寸：15.8X32CM高		\n1只/五层内盒     6只/五层大箱\n产品用白纸，瓦楞纸，气泡纸包裹后入内盒，大箱，大箱用胶带纸工字封口', null, null, null, '1/3', null, 'be03b359-0763-4f28-94f5-a2b2e6f19d0b', 'URT', '746', '0', '\0', '1727.05', '473211.88', null, '274', null, null, null, null, null, null, null, null, null, null, null, '3', '', 'No specific instructions');
INSERT INTO `contract_product_c` VALUES ('1b181967-80a9-41f2-b5af-f6bf6b2ad7e4', '3e678779-657a-40d3-8215-9e78f2aab813', null, null, null, '6625', '/home/zhou/ssh_java/config', '\"nothing\"', null, null, null, '1/3', null, '24306846-79f9-4daf-8612-47adb2687f04', 'POI', '12187', '0', '\0', '4760.46', '971133.62', null, '204', null, null, null, null, null, null, null, null, null, null, null, '1', 'a', 'No specific instructions');
INSERT INTO `contract_product_c` VALUES ('1cacfe81-28f1-4640-b3b6-dd01459e8813', '3e678779-657a-40d3-8215-9e78f2aab813', null, null, null, '5258', '/home/zhou/ssh_java/config', '全明料平光蛋糕罩配钻石盘子	\n罩子上粘小鸟，小鸟和钻石盘我司供\n罩子尺寸：26X36CM高		\n1套/上下保利龙盖/内盒		\n2套/大箱			\n保利龙垫工厂供\n产品用保丽龙包装后入内盒，大箱，大箱用胶带纸工字封口。', null, null, null, '1/3', null, 'be03b359-0763-4f28-94f5-a2b2e6f19d0b', 'POI', '14648', '0', '\0', '14.18', '3146.92', null, '222', null, null, null, null, null, null, null, null, null, null, null, '4', '', 'No specific instructions');
INSERT INTO `contract_product_c` VALUES ('1f3ef77f-3217-46f4-b4b6-323a2d5ed2a1', '53557cf1-7530-42b7-921b-6519288f822a', null, null, null, '10287', '/home/zhou/ssh_java/config', '\"nothing\"', null, null, null, '1/3', null, 'be03b359-0763-4f28-94f5-a2b2e6f19d0b', 'URT', '15234', '0', '\0', '351.20', '75859.31', null, '216', null, null, null, null, null, null, null, null, null, null, null, '7', '', 'No specific instructions');
INSERT INTO `contract_product_c` VALUES ('21b3dbaf-b201-49f6-81fe-44685bc8f6e2', '3e678779-657a-40d3-8215-9e78f2aab813', null, null, null, '11854', '/home/zhou/ssh_java/config', '全明料冰花风灯粘电镀底座， 	\n喷紫色，全喷，内电镀花银	\n尺寸：15.8X32CM高		\n1只/五层内盒     6只/五层大箱\n产品用白纸，瓦楞纸，气泡纸包裹后入内盒，大箱，大箱用胶带纸工字封口', null, null, null, '1/3', null, '24306846-79f9-4daf-8612-47adb2687f04', 'POI', '15383', '0', '\0', '1146.15', '302584.17', null, '264', null, null, null, null, null, null, null, null, null, null, null, '2', 'a', 'No specific instructions');
INSERT INTO `contract_product_c` VALUES ('22c685b4-ec43-4494-b0be-c3cec844beff', '7b183327-9e3c-4dd8-bb8b-3868b72217e8', null, null, null, '10974', '/home/zhou/ssh_java/config', '全明料冰花风灯粘电镀底座， 	\n喷紫色，全喷，内电镀花银	\n尺寸：15.8X32CM高		\n1只/五层内盒     6只/五层大箱\n产品用白纸，瓦楞纸，气泡纸包裹后入内盒，大箱，大箱用胶带纸工字封口', null, null, null, '1/3', null, '24306846-79f9-4daf-8612-47adb2687f04', 'URT', '19242', '0', '\0', '5199.05', '1045008.22', null, '201', null, null, null, null, null, null, null, null, null, null, null, '0', 'a', 'No specific instructions');
INSERT INTO `contract_product_c` VALUES ('331bbdb5-c647-4650-a14d-5308528eee6c', '53557cf1-7530-42b7-921b-6519288f822a', null, null, null, '11642', '/home/zhou/ssh_java/config', '全明料冰花风灯粘电镀底座， 	\n喷紫色，全喷，内电镀花银	\n尺寸：15.8X32CM高		\n1只/五层内盒     6只/五层大箱\n产品用白纸，瓦楞纸，气泡纸包裹后入内盒，大箱，大箱用胶带纸工字封口', null, null, null, '1/3', null, '33f80e0b-d9f9-465f-8d33-416140b29fd2', 'POI', '12814', '0', '\0', '3880.95', '908142.26', null, '234', null, null, null, null, null, null, null, null, null, null, null, '0', '', 'No specific instructions');
INSERT INTO `contract_product_c` VALUES ('33446280-8fc5-4254-9b9a-402800799a39', '53557cf1-7530-42b7-921b-6519288f822a', null, null, null, '12946', '/home/zhou/ssh_java/config', '\"nothing\"', null, null, null, '1/3', null, 'be03b359-0763-4f28-94f5-a2b2e6f19d0b', 'URT', '16893', '0', '\0', '4185.57', '1151030.85', null, '275', null, null, null, null, null, null, null, null, null, null, null, '8', '', 'No specific instructions');
INSERT INTO `contract_product_c` VALUES ('36eb363c-d45b-44cb-88f1-d5a2cb4cdd5e', '7b183327-9e3c-4dd8-bb8b-3868b72217e8', null, null, null, '11992', '/home/zhou/ssh_java/config', '全明料冰花风灯粘电镀底座， 	\n喷紫色，全喷，内电镀花银	\n尺寸：15.8X32CM高		\n1只/五层内盒     6只/五层大箱\n产品用白纸，瓦楞纸，气泡纸包裹后入内盒，大箱，大箱用胶带纸工字封口', null, null, null, '1/3', null, 'be03b359-0763-4f28-94f5-a2b2e6f19d0b', 'POI', '12625', '0', '\0', '9300.69', '2734403.57', null, '294', null, null, null, null, null, null, null, null, null, null, null, '9', '', 'No specific instructions');
INSERT INTO `contract_product_c` VALUES ('37a634c3-bf3f-4af9-b487-9f85bb3bdebf', '7b183327-9e3c-4dd8-bb8b-3868b72217e8', null, null, null, '11091', '/home/zhou/ssh_java/config', '全明料平光蛋糕罩配钻石盘子	\n罩子上粘小鸟，小鸟和钻石盘我司供\n罩子尺寸：26X36CM高		\n1套/上下保利龙盖/内盒		\n2套/大箱			\n保利龙垫工厂供\n产品用保丽龙包装后入内盒，大箱，大箱用胶带纸工字封口。', null, null, null, '1/3', null, 'be03b359-0763-4f28-94f5-a2b2e6f19d0b', 'POI', '3704', '0', '\0', '5370.83', '1229920.54', null, '229', null, null, null, null, null, null, null, null, null, null, null, '0', '', 'No specific instructions');
INSERT INTO `contract_product_c` VALUES ('37c9c220-4f0c-4c8a-8239-23df78a867a7', '7b183327-9e3c-4dd8-bb8b-3868b72217e8', null, null, null, '11627', '/home/zhou/ssh_java/config', '全明料平光蛋糕罩配钻石盘子	\n罩子上粘小鸟，小鸟和钻石盘我司供\n罩子尺寸：26X36CM高		\n1套/上下保利龙盖/内盒		\n2套/大箱			\n保利龙垫工厂供\n产品用保丽龙包装后入内盒，大箱，大箱用胶带纸工字封口。', null, null, null, '1/3', null, '24306846-79f9-4daf-8612-47adb2687f04', 'URT', '9498', '0', '\0', '4632.61', '1153519.38', null, '249', null, null, null, null, null, null, null, null, null, null, null, '6', 'a', 'No specific instructions');
INSERT INTO `contract_product_c` VALUES ('3a418327-5e30-4580-b322-4b66042131f2', '53557cf1-7530-42b7-921b-6519288f822a', null, null, null, '10604', '/home/zhou/ssh_java/config', '\"nothing\"', null, null, null, '1/3', null, 'be03b359-0763-4f28-94f5-a2b2e6f19d0b', 'POI', '15362', '0', '\0', '6694.45', '1372362.49', null, '205', null, null, null, null, null, null, null, null, null, null, null, '5', '', 'No specific instructions');
INSERT INTO `contract_product_c` VALUES ('3be37b24-3989-4af1-9c4f-67b2ebccfa3b', '3e678779-657a-40d3-8215-9e78f2aab813', null, null, null, '12747', '/home/zhou/ssh_java/config', '全明料冰花风灯粘电镀底座， 	\n喷紫色，全喷，内电镀花银	\n尺寸：15.8X32CM高		\n1只/五层内盒     6只/五层大箱\n产品用白纸，瓦楞纸，气泡纸包裹后入内盒，大箱，大箱用胶带纸工字封口', null, null, null, '1/3', null, '33f80e0b-d9f9-465f-8d33-416140b29fd2', 'POI', '13758', '0', '\0', '8491.43', '2097382.50', null, '247', null, null, null, null, null, null, null, null, null, null, null, '3', '', 'No specific instructions');
INSERT INTO `contract_product_c` VALUES ('3f7a36ae-a186-4445-9385-4b5100dfde5c', '53557cf1-7530-42b7-921b-6519288f822a', null, null, null, '10940', '/home/zhou/ssh_java/config', '全明料平光蛋糕罩配钻石盘子	\n罩子上粘小鸟，小鸟和钻石盘我司供\n罩子尺寸：26X36CM高		\n1套/上下保利龙盖/内盒		\n2套/大箱			\n保利龙垫工厂供\n产品用保丽龙包装后入内盒，大箱，大箱用胶带纸工字封口。', null, null, null, '1/3', null, '24306846-79f9-4daf-8612-47adb2687f04', 'URT', '9017', '0', '\0', '5646.96', '1327036.59', null, '235', null, null, null, null, null, null, null, null, null, null, null, '7', 'a', 'No specific instructions');
INSERT INTO `contract_product_c` VALUES ('40c97365-5edf-402d-bf01-4e6ce0cf2ae3', '3e678779-657a-40d3-8215-9e78f2aab813', null, null, null, '5582', '/home/zhou/ssh_java/config', '全明料冰花风灯粘电镀底座， 	\n喷紫色，全喷，内电镀花银	\n尺寸：15.8X32CM高		\n1只/五层内盒     6只/五层大箱\n产品用白纸，瓦楞纸，气泡纸包裹后入内盒，大箱，大箱用胶带纸工字封口', null, null, null, '1/3', null, '24306846-79f9-4daf-8612-47adb2687f04', 'URT', '7969', '0', '\0', '5809.58', '1469824.81', null, '253', null, null, null, null, null, null, null, null, null, null, null, '2', 'a', 'No specific instructions');
INSERT INTO `contract_product_c` VALUES ('4241e64f-7ced-4520-b3d4-4128be0c93f8', '7b183327-9e3c-4dd8-bb8b-3868b72217e8', null, null, null, '5455', '/home/zhou/ssh_java/config', '全明料冰花风灯粘电镀底座， 	\n喷紫色，全喷，内电镀花银	\n尺寸：15.8X32CM高		\n1只/五层内盒     6只/五层大箱\n产品用白纸，瓦楞纸，气泡纸包裹后入内盒，大箱，大箱用胶带纸工字封口', null, null, null, '1/3', null, 'be03b359-0763-4f28-94f5-a2b2e6f19d0b', 'POI', '2899', '0', '\0', '7308.12', '1995117.64', null, '273', null, null, null, null, null, null, null, null, null, null, null, '7', '', 'No specific instructions');
INSERT INTO `contract_product_c` VALUES ('482e2428-e00e-4f0a-9caa-ce6b8114f874', '7b183327-9e3c-4dd8-bb8b-3868b72217e8', null, null, null, '10993', '/home/zhou/ssh_java/config', '全明料冰花风灯粘电镀底座， 	\n喷紫色，全喷，内电镀花银	\n尺寸：15.8X32CM高		\n1只/五层内盒     6只/五层大箱\n产品用白纸，瓦楞纸，气泡纸包裹后入内盒，大箱，大箱用胶带纸工字封口', null, null, null, '1/3', null, 'be03b359-0763-4f28-94f5-a2b2e6f19d0b', 'URT', '15314', '0', '\0', '3166.81', '775869.31', null, '245', null, null, null, null, null, null, null, null, null, null, null, '8', '', 'No specific instructions');
INSERT INTO `contract_product_c` VALUES ('4b8abe0f-9eb7-4d7b-9b3a-55bb3d96f010', '3e678779-657a-40d3-8215-9e78f2aab813', null, null, null, '9083', '/home/zhou/ssh_java/config', '\"nothing\"', null, null, null, '1/3', null, '24306846-79f9-4daf-8612-47adb2687f04', 'URT', '14352', '0', '\0', '6192.95', '1542044.43', null, '249', null, null, null, null, null, null, null, null, null, null, null, '4', 'a', 'No specific instructions');
INSERT INTO `contract_product_c` VALUES ('4e260d53-356a-4768-8598-7006ffe1c6df', '3e678779-657a-40d3-8215-9e78f2aab813', null, null, null, '12158', '/home/zhou/ssh_java/config', '全明料冰花风灯粘电镀底座， 	\n喷紫色，全喷，内电镀花银	\n尺寸：15.8X32CM高		\n1只/五层内盒     6只/五层大箱\n产品用白纸，瓦楞纸，气泡纸包裹后入内盒，大箱，大箱用胶带纸工字封口', null, null, null, '1/3', null, '24306846-79f9-4daf-8612-47adb2687f04', 'URT', '615', '0', '\0', '7257.62', '1625707.88', null, '224', null, null, null, null, null, null, null, null, null, null, null, '5', 'a', 'No specific instructions');
INSERT INTO `contract_product_c` VALUES ('50037fe4-6b91-4765-99ea-b4d8216f167e', '53557cf1-7530-42b7-921b-6519288f822a', null, null, null, '5849', '/home/zhou/ssh_java/config', '\"nothing\"', null, null, null, '1/3', null, 'be03b359-0763-4f28-94f5-a2b2e6f19d0b', 'URT', '14102', '0', '\0', '3602.86', '889905.82', null, '247', null, null, null, null, null, null, null, null, null, null, null, '2', '', 'No specific instructions');
INSERT INTO `contract_product_c` VALUES ('52af0e52-5afc-447f-be2d-3331406362aa', '3e678779-657a-40d3-8215-9e78f2aab813', null, null, null, '6833', '/home/zhou/ssh_java/config', '全明料平光蛋糕罩配钻石盘子	\n罩子上粘小鸟，小鸟和钻石盘我司供\n罩子尺寸：26X36CM高		\n1套/上下保利龙盖/内盒		\n2套/大箱			\n保利龙垫工厂供\n产品用保丽龙包装后入内盒，大箱，大箱用胶带纸工字封口。', null, null, null, '1/3', null, 'be03b359-0763-4f28-94f5-a2b2e6f19d0b', 'POI', '19290', '0', '\0', '7960.19', '2053729.21', null, '258', null, null, null, null, null, null, null, null, null, null, null, '4', '', 'No specific instructions');
INSERT INTO `contract_product_c` VALUES ('566d5784-fd15-405a-b7e9-68b26c2f4cfc', '3e678779-657a-40d3-8215-9e78f2aab813', null, null, null, '9643', '/home/zhou/ssh_java/config', '全明料冰花风灯粘电镀底座， 	\n喷紫色，全喷，内电镀花银	\n尺寸：15.8X32CM高		\n1只/五层内盒     6只/五层大箱\n产品用白纸，瓦楞纸，气泡纸包裹后入内盒，大箱，大箱用胶带纸工字封口', null, null, null, '1/3', null, '24306846-79f9-4daf-8612-47adb2687f04', 'URT', '7600', '0', '\0', '5452.05', '1466600.20', null, '269', null, null, null, null, null, null, null, null, null, null, null, '4', 'a', 'No specific instructions');
INSERT INTO `contract_product_c` VALUES ('58292219-5f09-4af1-a5b5-a1292149927a', '7b183327-9e3c-4dd8-bb8b-3868b72217e8', null, null, null, '8480', '/home/zhou/ssh_java/config', '全明料平光蛋糕罩配钻石盘子	\n罩子上粘小鸟，小鸟和钻石盘我司供\n罩子尺寸：26X36CM高		\n1套/上下保利龙盖/内盒		\n2套/大箱			\n保利龙垫工厂供\n产品用保丽龙包装后入内盒，大箱，大箱用胶带纸工字封口。', null, null, null, '1/3', null, '24306846-79f9-4daf-8612-47adb2687f04', 'URT', '13596', '0', '\0', '278.71', '77481.86', null, '278', null, null, null, null, null, null, null, null, null, null, null, '9', 'a', 'No specific instructions');
INSERT INTO `contract_product_c` VALUES ('5b4821fe-9938-482c-8793-3604560d8fa5', '3e678779-657a-40d3-8215-9e78f2aab813', null, null, null, '6684', '/home/zhou/ssh_java/config', '全明料冰花风灯粘电镀底座， 	\n喷紫色，全喷，内电镀花银	\n尺寸：15.8X32CM高		\n1只/五层内盒     6只/五层大箱\n产品用白纸，瓦楞纸，气泡纸包裹后入内盒，大箱，大箱用胶带纸工字封口', null, null, null, '1/3', null, 'be03b359-0763-4f28-94f5-a2b2e6f19d0b', 'URT', '13960', '0', '\0', '7210.75', '1442150.79', null, '200', null, null, null, null, null, null, null, null, null, null, null, '2', '', 'No specific instructions');
INSERT INTO `contract_product_c` VALUES ('5e29c18a-a0e8-415f-b8db-208093167254', '53557cf1-7530-42b7-921b-6519288f822a', null, null, null, '10164', '/home/zhou/ssh_java/config', '全明料冰花风灯粘电镀底座， 	\n喷紫色，全喷，内电镀花银	\n尺寸：15.8X32CM高		\n1只/五层内盒     6只/五层大箱\n产品用白纸，瓦楞纸，气泡纸包裹后入内盒，大箱，大箱用胶带纸工字封口', null, null, null, '1/3', null, 'be03b359-0763-4f28-94f5-a2b2e6f19d0b', 'URT', '19021', '0', '\0', '7886.03', '2215975.27', null, '281', null, null, null, null, null, null, null, null, null, null, null, '5', '', 'No specific instructions');
INSERT INTO `contract_product_c` VALUES ('626737d7-b9ee-44a6-bc32-f4f2c5acae22', '7b183327-9e3c-4dd8-bb8b-3868b72217e8', null, null, null, '8707', '/home/zhou/ssh_java/config', '\"nothing\"', null, null, null, '1/3', null, 'be03b359-0763-4f28-94f5-a2b2e6f19d0b', 'POI', '11687', '0', '\0', '1270.81', '326599.21', null, '257', null, null, null, null, null, null, null, null, null, null, null, '5', '', 'No specific instructions');
INSERT INTO `contract_product_c` VALUES ('69bc6956-62a4-48ae-b138-bbf556154a12', '7b183327-9e3c-4dd8-bb8b-3868b72217e8', null, null, null, '5539', '/home/zhou/ssh_java/config', '全明料冰花风灯粘电镀底座， 	\n喷紫色，全喷，内电镀花银	\n尺寸：15.8X32CM高		\n1只/五层内盒     6只/五层大箱\n产品用白纸，瓦楞纸，气泡纸包裹后入内盒，大箱，大箱用胶带纸工字封口', null, null, null, '1/3', null, 'be03b359-0763-4f28-94f5-a2b2e6f19d0b', 'URT', '17638', '0', '\0', '4459.26', '1123734.07', null, '252', null, null, null, null, null, null, null, null, null, null, null, '3', '', 'No specific instructions');
INSERT INTO `contract_product_c` VALUES ('6c12d3a9-d7b3-4b79-825a-36c9fad209a2', '7b183327-9e3c-4dd8-bb8b-3868b72217e8', null, null, null, '6131', '/home/zhou/ssh_java/config', '全明料平光蛋糕罩配钻石盘子	\n罩子上粘小鸟，小鸟和钻石盘我司供\n罩子尺寸：26X36CM高		\n1套/上下保利龙盖/内盒		\n2套/大箱			\n保利龙垫工厂供\n产品用保丽龙包装后入内盒，大箱，大箱用胶带纸工字封口。', null, null, null, '1/3', null, 'be03b359-0763-4f28-94f5-a2b2e6f19d0b', 'URT', '14191', '0', '\0', '1188.03', '298195.00', null, '251', null, null, null, null, null, null, null, null, null, null, null, '1', '', 'No specific instructions');
INSERT INTO `contract_product_c` VALUES ('736a8788-be2f-4cf3-85c1-42167f2c67e9', '7b183327-9e3c-4dd8-bb8b-3868b72217e8', null, null, null, '9886', '/home/zhou/ssh_java/config', '全明料冰花风灯粘电镀底座， 	\n喷紫色，全喷，内电镀花银	\n尺寸：15.8X32CM高		\n1只/五层内盒     6只/五层大箱\n产品用白纸，瓦楞纸，气泡纸包裹后入内盒，大箱，大箱用胶带纸工字封口', null, null, null, '1/3', null, 'be03b359-0763-4f28-94f5-a2b2e6f19d0b', 'POI', '5940', '0', '\0', '9976.97', '2264771.37', null, '227', null, null, null, null, null, null, null, null, null, null, null, '8', '', 'No specific instructions');
INSERT INTO `contract_product_c` VALUES ('75ed9afb-2805-4da1-b086-9ede1db7f30c', '3e678779-657a-40d3-8215-9e78f2aab813', null, null, null, '7390', '/home/zhou/ssh_java/config', '全明料冰花风灯粘电镀底座， 	\n喷紫色，全喷，内电镀花银	\n尺寸：15.8X32CM高		\n1只/五层内盒     6只/五层大箱\n产品用白纸，瓦楞纸，气泡纸包裹后入内盒，大箱，大箱用胶带纸工字封口', null, null, null, '1/3', null, '33f80e0b-d9f9-465f-8d33-416140b29fd2', 'POI', '4725', '0', '\0', '9325.69', '2098279.26', null, '225', null, null, null, null, null, null, null, null, null, null, null, '0', '', 'No specific instructions');
INSERT INTO `contract_product_c` VALUES ('7b0ac8f3-64d9-4f2d-aec3-accddb5035dd', '53557cf1-7530-42b7-921b-6519288f822a', null, null, null, '8657', '/home/zhou/ssh_java/config', '全明料冰花风灯粘电镀底座， 	\n喷紫色，全喷，内电镀花银	\n尺寸：15.8X32CM高		\n1只/五层内盒     6只/五层大箱\n产品用白纸，瓦楞纸，气泡纸包裹后入内盒，大箱，大箱用胶带纸工字封口', null, null, null, '1/3', null, 'be03b359-0763-4f28-94f5-a2b2e6f19d0b', 'URT', '12456', '0', '\0', '5026.56', '1055577.86', null, '210', null, null, null, null, null, null, null, null, null, null, null, '3', '', 'No specific instructions');
INSERT INTO `contract_product_c` VALUES ('7bbbacbc-e833-4092-b6fa-d24bfcf59e5b', '53557cf1-7530-42b7-921b-6519288f822a', null, null, null, '10189', '/home/zhou/ssh_java/config', '\"nothing\"', null, null, null, '1/3', null, '24306846-79f9-4daf-8612-47adb2687f04', 'POI', '2262', '0', '\0', '9400.81', '2782639.58', null, '296', null, null, null, null, null, null, null, null, null, null, null, '3', 'a', 'No specific instructions');
INSERT INTO `contract_product_c` VALUES ('7d29dfb5-0c03-4259-879a-63e9e9dbb910', '3e678779-657a-40d3-8215-9e78f2aab813', null, null, null, '9926', '/home/zhou/ssh_java/config', '全明料平光蛋糕罩配钻石盘子	\n罩子上粘小鸟，小鸟和钻石盘我司供\n罩子尺寸：26X36CM高		\n1套/上下保利龙盖/内盒		\n2套/大箱			\n保利龙垫工厂供\n产品用保丽龙包装后入内盒，大箱，大箱用胶带纸工字封口。', null, null, null, '1/3', null, 'be03b359-0763-4f28-94f5-a2b2e6f19d0b', 'URT', '257', '0', '\0', '2424.14', '535734.99', null, '221', null, null, null, null, null, null, null, null, null, null, null, '4', '', 'No specific instructions');
INSERT INTO `contract_product_c` VALUES ('7d3daaba-e71e-45e5-97da-38862de78791', '3e678779-657a-40d3-8215-9e78f2aab813', null, null, null, '6576', '/home/zhou/ssh_java/config', '\"nothing\"', null, null, null, '1/3', null, 'be03b359-0763-4f28-94f5-a2b2e6f19d0b', 'POI', '17772', '0', '\0', '3016.82', '868842.77', null, '288', null, null, null, null, null, null, null, null, null, null, null, '2', '', 'No specific instructions');
INSERT INTO `contract_product_c` VALUES ('7ef497bb-e263-495f-94f5-36f60149f886', '3e678779-657a-40d3-8215-9e78f2aab813', null, null, null, '5669', '/home/zhou/ssh_java/config', '\"nothing\"', null, null, null, '1/3', null, 'be03b359-0763-4f28-94f5-a2b2e6f19d0b', 'POI', '3259', '0', '\0', '4458.49', '1333087.17', null, '299', null, null, null, null, null, null, null, null, null, null, null, '6', '', 'No specific instructions');
INSERT INTO `contract_product_c` VALUES ('7ef8e059-5ca3-4fb3-a7d1-07c2ab2fd038', '53557cf1-7530-42b7-921b-6519288f822a', null, null, null, '6327', '/home/zhou/ssh_java/config', '\"nothing\"', null, null, null, '1/3', null, 'be03b359-0763-4f28-94f5-a2b2e6f19d0b', 'URT', '7575', '0', '\0', '222.73', '66595.77', null, '299', null, null, null, null, null, null, null, null, null, null, null, '3', '', 'No specific instructions');
INSERT INTO `contract_product_c` VALUES ('7f424a7a-9ec6-428e-b31e-c24a913cb705', '53557cf1-7530-42b7-921b-6519288f822a', null, null, null, '8877', '/home/zhou/ssh_java/config', '全明料平光蛋糕罩配钻石盘子	\n罩子上粘小鸟，小鸟和钻石盘我司供\n罩子尺寸：26X36CM高		\n1套/上下保利龙盖/内盒		\n2套/大箱			\n保利龙垫工厂供\n产品用保丽龙包装后入内盒，大箱，大箱用胶带纸工字封口。', null, null, null, '1/3', null, '33f80e0b-d9f9-465f-8d33-416140b29fd2', 'URT', '10680', '0', '\0', '7202.95', '2045639.18', null, '284', null, null, null, null, null, null, null, null, null, null, null, '1', '', 'No specific instructions');
INSERT INTO `contract_product_c` VALUES ('80924e51-d464-442a-b06b-a2f08eeb0158', '3e678779-657a-40d3-8215-9e78f2aab813', null, null, null, '10956', '/home/zhou/ssh_java/config', '\"nothing\"', null, null, null, '1/3', null, '33f80e0b-d9f9-465f-8d33-416140b29fd2', 'URT', '16406', '0', '\0', '7537.52', '1575341.15', null, '209', null, null, null, null, null, null, null, null, null, null, null, '1', '', 'No specific instructions');
INSERT INTO `contract_product_c` VALUES ('83427394-0686-4295-b0db-cf6d8cafd039', '7b183327-9e3c-4dd8-bb8b-3868b72217e8', null, null, null, '10699', '/home/zhou/ssh_java/config', '\"nothing\"', null, null, null, '1/3', null, 'be03b359-0763-4f28-94f5-a2b2e6f19d0b', 'POI', '14776', '0', '\0', '4198.36', '1095773.10', null, '261', null, null, null, null, null, null, null, null, null, null, null, '8', '', 'No specific instructions');
INSERT INTO `contract_product_c` VALUES ('86806634-0a8e-47ad-a0d2-ce0ecbcae081', '7b183327-9e3c-4dd8-bb8b-3868b72217e8', null, null, null, '11937', '/home/zhou/ssh_java/config', '\"nothing\"', null, null, null, '1/3', null, 'be03b359-0763-4f28-94f5-a2b2e6f19d0b', 'POI', '6823', '0', '\0', '886.98', '218196.53', null, '246', null, null, null, null, null, null, null, null, null, null, null, '4', '', 'No specific instructions');
INSERT INTO `contract_product_c` VALUES ('873d40c2-ac65-4cd2-93e2-ec4123a0c677', '53557cf1-7530-42b7-921b-6519288f822a', null, null, null, '9650', '/home/zhou/ssh_java/config', '\"nothing\"', null, null, null, '1/3', null, '33f80e0b-d9f9-465f-8d33-416140b29fd2', 'URT', '16518', '0', '\0', '4078.79', '1211401.02', null, '297', null, null, null, null, null, null, null, null, null, null, null, '5', '', 'No specific instructions');
INSERT INTO `contract_product_c` VALUES ('8b885cc1-18ab-4cdc-a076-07b11db899fe', '7b183327-9e3c-4dd8-bb8b-3868b72217e8', null, null, null, '11974', '/home/zhou/ssh_java/config', '\"nothing\"', null, null, null, '1/3', null, '24306846-79f9-4daf-8612-47adb2687f04', 'URT', '6979', '0', '\0', '9870.89', '2773721.48', null, '281', null, null, null, null, null, null, null, null, null, null, null, '9', 'a', 'No specific instructions');
INSERT INTO `contract_product_c` VALUES ('99db2c9f-4c44-4ee4-a39f-a043b049805a', '7b183327-9e3c-4dd8-bb8b-3868b72217e8', null, null, null, '10223', '/home/zhou/ssh_java/config', '全明料冰花风灯粘电镀底座， 	\n喷紫色，全喷，内电镀花银	\n尺寸：15.8X32CM高		\n1只/五层内盒     6只/五层大箱\n产品用白纸，瓦楞纸，气泡纸包裹后入内盒，大箱，大箱用胶带纸工字封口', null, null, null, '1/3', null, '24306846-79f9-4daf-8612-47adb2687f04', 'POI', '16235', '0', '\0', '4619.83', '1381330.19', null, '299', null, null, null, null, null, null, null, null, null, null, null, '5', 'a', 'No specific instructions');
INSERT INTO `contract_product_c` VALUES ('9b1c57d1-0343-4cad-8d3c-f46f725e12a1', '53557cf1-7530-42b7-921b-6519288f822a', null, null, null, '12278', '/home/zhou/ssh_java/config', '\"nothing\"', null, null, null, '1/3', null, '24306846-79f9-4daf-8612-47adb2687f04', 'POI', '10803', '0', '\0', '585.85', '162281.53', null, '277', null, null, null, null, null, null, null, null, null, null, null, '0', 'a', 'No specific instructions');
INSERT INTO `contract_product_c` VALUES ('9e637c51-0722-457e-87d8-55089243a032', '3e678779-657a-40d3-8215-9e78f2aab813', null, null, null, '7322', '/home/zhou/ssh_java/config', '\"nothing\"', null, null, null, '1/3', null, 'be03b359-0763-4f28-94f5-a2b2e6f19d0b', 'URT', '14268', '0', '\0', '8789.30', '1819384.51', null, '207', null, null, null, null, null, null, null, null, null, null, null, '7', '', 'No specific instructions');
INSERT INTO `contract_product_c` VALUES ('9e7ff8bd-a445-403f-9266-5f64f47ee392', '7b183327-9e3c-4dd8-bb8b-3868b72217e8', null, null, null, '9292', '/home/zhou/ssh_java/config', '全明料冰花风灯粘电镀底座， 	\n喷紫色，全喷，内电镀花银	\n尺寸：15.8X32CM高		\n1只/五层内盒     6只/五层大箱\n产品用白纸，瓦楞纸，气泡纸包裹后入内盒，大箱，大箱用胶带纸工字封口', null, null, null, '1/3', null, '33f80e0b-d9f9-465f-8d33-416140b29fd2', 'URT', '15628', '0', '\0', '8651.40', '2206106.31', null, '255', null, null, null, null, null, null, null, null, null, null, null, '4', '', 'No specific instructions');
INSERT INTO `contract_product_c` VALUES ('a3e1f719-17f0-428a-941e-d169e18ef5ba', '7b183327-9e3c-4dd8-bb8b-3868b72217e8', null, null, null, '9606', '/home/zhou/ssh_java/config', '全明料平光蛋糕罩配钻石盘子	\n罩子上粘小鸟，小鸟和钻石盘我司供\n罩子尺寸：26X36CM高		\n1套/上下保利龙盖/内盒		\n2套/大箱			\n保利龙垫工厂供\n产品用保丽龙包装后入内盒，大箱，大箱用胶带纸工字封口。', null, null, null, '1/3', null, '33f80e0b-d9f9-465f-8d33-416140b29fd2', 'URT', '6551', '0', '\0', '1922.04', '430537.92', null, '224', null, null, null, null, null, null, null, null, null, null, null, '6', '', 'No specific instructions');
INSERT INTO `contract_product_c` VALUES ('a719b0b8-b048-402e-b5f2-dba193bd1bd4', '3e678779-657a-40d3-8215-9e78f2aab813', null, null, null, '12407', '/home/zhou/ssh_java/config', '全明料冰花风灯粘电镀底座， 	\n喷紫色，全喷，内电镀花银	\n尺寸：15.8X32CM高		\n1只/五层内盒     6只/五层大箱\n产品用白纸，瓦楞纸，气泡纸包裹后入内盒，大箱，大箱用胶带纸工字封口', null, null, null, '1/3', null, 'be03b359-0763-4f28-94f5-a2b2e6f19d0b', 'URT', '10205', '0', '\0', '3480.30', '824830.06', null, '237', null, null, null, null, null, null, null, null, null, null, null, '5', '', 'No specific instructions');
INSERT INTO `contract_product_c` VALUES ('a88be7c6-6633-4f64-b667-a273971d3cc3', '3e678779-657a-40d3-8215-9e78f2aab813', null, null, null, '5503', '/home/zhou/ssh_java/config', '\"nothing\"', null, null, null, '1/3', null, 'be03b359-0763-4f28-94f5-a2b2e6f19d0b', 'POI', '15573', '0', '\0', '4935.37', '1041362.40', null, '211', null, null, null, null, null, null, null, null, null, null, null, '7', '', 'No specific instructions');
INSERT INTO `contract_product_c` VALUES ('ab3d51db-5335-4e22-87e0-89f3dd3f537a', '7b183327-9e3c-4dd8-bb8b-3868b72217e8', null, null, null, '8282', '/home/zhou/ssh_java/config', '\"nothing\"', null, null, null, '1/3', null, '33f80e0b-d9f9-465f-8d33-416140b29fd2', 'URT', '2330', '0', '\0', '2737.28', '550193.19', null, '201', null, null, null, null, null, null, null, null, null, null, null, '6', '', 'No specific instructions');
INSERT INTO `contract_product_c` VALUES ('ad76c794-b59b-414e-be2a-5fd2c25f33b4', '53557cf1-7530-42b7-921b-6519288f822a', null, null, null, '12516', '/home/zhou/ssh_java/config', '\"nothing\"', null, null, null, '1/3', null, 'be03b359-0763-4f28-94f5-a2b2e6f19d0b', 'POI', '9200', '0', '\0', '7685.87', '1944525.01', null, '253', null, null, null, null, null, null, null, null, null, null, null, '3', '', 'No specific instructions');
INSERT INTO `contract_product_c` VALUES ('b3695c93-662d-48ef-bbdc-146f5aa7395f', '53557cf1-7530-42b7-921b-6519288f822a', null, null, null, '7648', '/home/zhou/ssh_java/config', '\"nothing\"', null, null, null, '1/3', null, 'be03b359-0763-4f28-94f5-a2b2e6f19d0b', 'POI', '8109', '0', '\0', '7212.19', '1918443.03', null, '266', null, null, null, null, null, null, null, null, null, null, null, '1', '', 'No specific instructions');
INSERT INTO `contract_product_c` VALUES ('b9edde4a-ce11-4edd-ae32-1b05a083dde8', '3e678779-657a-40d3-8215-9e78f2aab813', null, null, null, '8188', '/home/zhou/ssh_java/config', '\"nothing\"', null, null, null, '1/3', null, '24306846-79f9-4daf-8612-47adb2687f04', 'URT', '8458', '0', '\0', '977.57', '197468.30', null, '202', null, null, null, null, null, null, null, null, null, null, null, '5', 'a', 'No specific instructions');
INSERT INTO `contract_product_c` VALUES ('bca50b0b-3d61-4357-98b5-e07448455612', '3e678779-657a-40d3-8215-9e78f2aab813', null, null, null, '10205', '/home/zhou/ssh_java/config', '\"nothing\"', null, null, null, '1/3', null, 'be03b359-0763-4f28-94f5-a2b2e6f19d0b', 'URT', '5549', '0', '\0', '4312.60', '1121276.26', null, '260', null, null, null, null, null, null, null, null, null, null, null, '2', '', 'No specific instructions');
INSERT INTO `contract_product_c` VALUES ('c081076d-399f-4107-9db1-abf914553a71', '3e678779-657a-40d3-8215-9e78f2aab813', null, null, null, '8561', '/home/zhou/ssh_java/config', '\"nothing\"', null, null, null, '1/3', null, '33f80e0b-d9f9-465f-8d33-416140b29fd2', 'URT', '12827', '0', '\0', '2712.47', '697104.60', null, '257', null, null, null, null, null, null, null, null, null, null, null, '9', '', 'No specific instructions');
INSERT INTO `contract_product_c` VALUES ('c115d1f9-973d-4360-aa1c-80ae9e3487fe', '3e678779-657a-40d3-8215-9e78f2aab813', null, null, null, '11807', '/home/zhou/ssh_java/config', '\"nothing\"', null, null, null, '1/3', null, 'be03b359-0763-4f28-94f5-a2b2e6f19d0b', 'URT', '12878', '0', '\0', '2499.56', '734870.92', null, '294', null, null, null, null, null, null, null, null, null, null, null, '7', '', 'No specific instructions');
INSERT INTO `contract_product_c` VALUES ('c2e0eff3-2fd6-43e5-b1f1-7ad1eab3417f', '7b183327-9e3c-4dd8-bb8b-3868b72217e8', null, null, null, '6084', '/home/zhou/ssh_java/config', '全明料平光蛋糕罩配钻石盘子	\n罩子上粘小鸟，小鸟和钻石盘我司供\n罩子尺寸：26X36CM高		\n1套/上下保利龙盖/内盒		\n2套/大箱			\n保利龙垫工厂供\n产品用保丽龙包装后入内盒，大箱，大箱用胶带纸工字封口。', null, null, null, '1/3', null, '33f80e0b-d9f9-465f-8d33-416140b29fd2', 'URT', '11594', '0', '\0', '6906.32', '1408889.13', null, '204', null, null, null, null, null, null, null, null, null, null, null, '0', '', 'No specific instructions');
INSERT INTO `contract_product_c` VALUES ('c3a246bc-696d-4551-9c58-5cd1e709a465', '53557cf1-7530-42b7-921b-6519288f822a', null, null, null, '9108', '/home/zhou/ssh_java/config', '全明料冰花风灯粘电镀底座， 	\n喷紫色，全喷，内电镀花银	\n尺寸：15.8X32CM高		\n1只/五层内盒     6只/五层大箱\n产品用白纸，瓦楞纸，气泡纸包裹后入内盒，大箱，大箱用胶带纸工字封口', null, null, null, '1/3', null, 'be03b359-0763-4f28-94f5-a2b2e6f19d0b', 'URT', '7524', '0', '\0', '3777.57', '812178.41', null, '215', null, null, null, null, null, null, null, null, null, null, null, '4', '', 'No specific instructions');
INSERT INTO `contract_product_c` VALUES ('c7fe3cfe-887f-493b-979a-00dd102b6ba5', '3e678779-657a-40d3-8215-9e78f2aab813', null, null, null, '8925', '/home/zhou/ssh_java/config', '\"nothing\"', null, null, null, '1/3', null, '24306846-79f9-4daf-8612-47adb2687f04', 'URT', '3987', '0', '\0', '1205.22', '267558.86', null, '222', null, null, null, null, null, null, null, null, null, null, null, '7', 'a', 'No specific instructions');
INSERT INTO `contract_product_c` VALUES ('c8b2d41d-4583-45b6-9fe9-4ba7cd2671f7', '7b183327-9e3c-4dd8-bb8b-3868b72217e8', null, null, null, '10445', '/home/zhou/ssh_java/config', '全明料平光蛋糕罩配钻石盘子	\n罩子上粘小鸟，小鸟和钻石盘我司供\n罩子尺寸：26X36CM高		\n1套/上下保利龙盖/内盒		\n2套/大箱			\n保利龙垫工厂供\n产品用保丽龙包装后入内盒，大箱，大箱用胶带纸工字封口。', null, null, null, '1/3', null, 'be03b359-0763-4f28-94f5-a2b2e6f19d0b', 'POI', '6242', '0', '\0', '6219.14', '1449058.48', null, '233', null, null, null, null, null, null, null, null, null, null, null, '7', '', 'No specific instructions');
INSERT INTO `contract_product_c` VALUES ('cca8e6f7-b1d8-4ff3-b11d-49b99b0a2109', '7b183327-9e3c-4dd8-bb8b-3868b72217e8', null, null, null, '8401', '/home/zhou/ssh_java/config', '全明料平光蛋糕罩配钻石盘子	\n罩子上粘小鸟，小鸟和钻石盘我司供\n罩子尺寸：26X36CM高		\n1套/上下保利龙盖/内盒		\n2套/大箱			\n保利龙垫工厂供\n产品用保丽龙包装后入内盒，大箱，大箱用胶带纸工字封口。', null, null, null, '1/3', null, '33f80e0b-d9f9-465f-8d33-416140b29fd2', 'URT', '5214', '0', '\0', '2305.70', '472667.53', null, '205', null, null, null, null, null, null, null, null, null, null, null, '2', '', 'No specific instructions');
INSERT INTO `contract_product_c` VALUES ('ce619cd6-dfde-43a7-a103-aeca5c13c220', '53557cf1-7530-42b7-921b-6519288f822a', null, null, null, '10659', '/home/zhou/ssh_java/config', '\"nothing\"', null, null, null, '1/3', null, 'be03b359-0763-4f28-94f5-a2b2e6f19d0b', 'URT', '9696', '0', '\0', '4178.52', '969416.09', null, '232', null, null, null, null, null, null, null, null, null, null, null, '6', '', 'No specific instructions');
INSERT INTO `contract_product_c` VALUES ('d0225862-2d76-4f51-85a2-effc44014866', '3e678779-657a-40d3-8215-9e78f2aab813', null, null, null, '11528', '/home/zhou/ssh_java/config', '全明料平光蛋糕罩配钻石盘子	\n罩子上粘小鸟，小鸟和钻石盘我司供\n罩子尺寸：26X36CM高		\n1套/上下保利龙盖/内盒		\n2套/大箱			\n保利龙垫工厂供\n产品用保丽龙包装后入内盒，大箱，大箱用胶带纸工字封口。', null, null, null, '1/3', null, 'be03b359-0763-4f28-94f5-a2b2e6f19d0b', 'URT', '7461', '0', '\0', '4110.33', '896051.38', null, '218', null, null, null, null, null, null, null, null, null, null, null, '8', '', 'No specific instructions');
INSERT INTO `contract_product_c` VALUES ('d4acaa48-4ad1-461b-b665-5a927f1bb25a', '7b183327-9e3c-4dd8-bb8b-3868b72217e8', null, null, null, '5326', '/home/zhou/ssh_java/config', '\"nothing\"', null, null, null, '1/3', null, 'be03b359-0763-4f28-94f5-a2b2e6f19d0b', 'POI', '8371', '0', '\0', '2961.07', '885358.72', null, '299', null, null, null, null, null, null, null, null, null, null, null, '6', '', 'No specific instructions');
INSERT INTO `contract_product_c` VALUES ('db2398f9-bef3-4d34-bf20-467e8efeea5d', '3e678779-657a-40d3-8215-9e78f2aab813', null, null, null, '8868', '/home/zhou/ssh_java/config', '\"nothing\"', null, null, null, '1/3', null, 'be03b359-0763-4f28-94f5-a2b2e6f19d0b', 'POI', '19689', '0', '\0', '8642.26', '1780306.58', null, '206', null, null, null, null, null, null, null, null, null, null, null, '4', '', 'No specific instructions');
INSERT INTO `contract_product_c` VALUES ('db61ead0-40d1-4a1b-bd11-61e371b17a46', '25ba7ee2-35ed-4cfb-8d70-f82be4b5609f', null, null, null, '3', '3', '3', null, null, null, '3', null, '24306846-79f9-4daf-8612-47adb2687f04', '3', '3', null, null, '3.00', '9.00', null, '3', null, null, null, null, null, null, null, null, null, null, null, '3', 'a', null);
INSERT INTO `contract_product_c` VALUES ('e0cc2c8c-04f0-4004-aa07-41e46e045c79', '3e678779-657a-40d3-8215-9e78f2aab813', null, null, null, '5443', '/home/zhou/ssh_java/config', '\"nothing\"', null, null, null, '1/3', null, '24306846-79f9-4daf-8612-47adb2687f04', 'POI', '5141', '0', '\0', '5448.90', '1351327.09', null, '248', null, null, null, null, null, null, null, null, null, null, null, '2', 'a', 'No specific instructions');
INSERT INTO `contract_product_c` VALUES ('e54dcbcd-bb52-4406-a45e-a3b2ec029be6', '3e678779-657a-40d3-8215-9e78f2aab813', null, null, null, '7393', '/home/zhou/ssh_java/config', '\"nothing\"', null, null, null, '1/3', null, 'be03b359-0763-4f28-94f5-a2b2e6f19d0b', 'POI', '2790', '0', '\0', '5018.56', '1023786.92', null, '204', null, null, null, null, null, null, null, null, null, null, null, '1', '', 'No specific instructions');
INSERT INTO `contract_product_c` VALUES ('e5711496-aafe-4f3e-86c2-4678be2a95d7', '53557cf1-7530-42b7-921b-6519288f822a', null, null, null, '6385', '/home/zhou/ssh_java/config', '\"nothing\"', null, null, null, '1/3', null, '33f80e0b-d9f9-465f-8d33-416140b29fd2', 'URT', '16405', '0', '\0', '381.89', '103491.13', null, '271', null, null, null, null, null, null, null, null, null, null, null, '1', '', 'No specific instructions');
INSERT INTO `contract_product_c` VALUES ('ed4fc149-44cd-4c26-b8ce-d4b4fc4dd72d', '3e678779-657a-40d3-8215-9e78f2aab813', null, null, null, '6318', '/home/zhou/ssh_java/config', '全明料平光蛋糕罩配钻石盘子	\n罩子上粘小鸟，小鸟和钻石盘我司供\n罩子尺寸：26X36CM高		\n1套/上下保利龙盖/内盒		\n2套/大箱			\n保利龙垫工厂供\n产品用保丽龙包装后入内盒，大箱，大箱用胶带纸工字封口。', null, null, null, '1/3', null, 'be03b359-0763-4f28-94f5-a2b2e6f19d0b', 'POI', '13574', '0', '\0', '5051.65', '1202292.53', null, '238', null, null, null, null, null, null, null, null, null, null, null, '6', '', 'No specific instructions');
INSERT INTO `contract_product_c` VALUES ('f0fe4d13-ad8f-4de0-baee-f9ea44e76c56', '7b183327-9e3c-4dd8-bb8b-3868b72217e8', null, null, null, '8018', '/home/zhou/ssh_java/config', '\"nothing\"', null, null, null, '1/3', null, '24306846-79f9-4daf-8612-47adb2687f04', 'URT', '10146', '0', '\0', '1271.95', '362504.33', null, '285', null, null, null, null, null, null, null, null, null, null, null, '6', 'a', 'No specific instructions');
INSERT INTO `contract_product_c` VALUES ('f2055a5d-5963-4752-89b4-bbb3006b6c55', '3e678779-657a-40d3-8215-9e78f2aab813', null, null, null, '6801', '/home/zhou/ssh_java/config', '\"nothing\"', null, null, null, '1/3', null, '33f80e0b-d9f9-465f-8d33-416140b29fd2', 'POI', '19051', '0', '\0', '2445.09', '545254.78', null, '223', null, null, null, null, null, null, null, null, null, null, null, '0', '', 'No specific instructions');
INSERT INTO `contract_product_c` VALUES ('f823b514-9d87-4473-ba6e-be20ded977c7', '3e678779-657a-40d3-8215-9e78f2aab813', null, null, null, '9270', '/home/zhou/ssh_java/config', '全明料平光蛋糕罩配钻石盘子	\n罩子上粘小鸟，小鸟和钻石盘我司供\n罩子尺寸：26X36CM高		\n1套/上下保利龙盖/内盒		\n2套/大箱			\n保利龙垫工厂供\n产品用保丽龙包装后入内盒，大箱，大箱用胶带纸工字封口。', null, null, null, '1/3', null, '33f80e0b-d9f9-465f-8d33-416140b29fd2', 'POI', '9696', '0', '\0', '8643.12', '2074349.80', null, '240', null, null, null, null, null, null, null, null, null, null, null, '8', '', 'No specific instructions');

-- ----------------------------
-- Table structure for ext_cproduct_c
-- ----------------------------
DROP TABLE IF EXISTS `ext_cproduct_c`;
CREATE TABLE `ext_cproduct_c` (
  `EXT_CPRODUCT_ID` varchar(90) NOT NULL,
  `FACTORY_ID` varchar(40) DEFAULT NULL,
  `CONTRACT_PRODUCT_ID` varchar(40) DEFAULT NULL,
  `CTYPE` int(11) DEFAULT NULL,
  `PRODUCT_NAME` varchar(200) DEFAULT NULL,
  `PRODUCT_NO` varchar(50) DEFAULT NULL,
  `PRODUCT_IMAGE` varchar(200) DEFAULT NULL,
  `PRODUCT_DESC` varchar(600) DEFAULT NULL,
  `LOADING_RATE` varchar(30) DEFAULT NULL,
  `PACKING_UNIT` varchar(10) DEFAULT NULL,
  `CNUMBER` int(11) DEFAULT NULL,
  `OUT_NUMBER` int(11) DEFAULT NULL,
  `FINISHED` bit(1) DEFAULT NULL,
  `GROSS_WEIGHT` decimal(10,2) DEFAULT NULL,
  `NET_WEIGHT` decimal(10,2) DEFAULT NULL,
  `SIZE_LENGTH` decimal(10,2) DEFAULT NULL,
  `SIZE_WIDTH` decimal(10,2) DEFAULT NULL,
  `SIZE_HEIGHT` decimal(10,2) DEFAULT NULL,
  `PRODUCT_REQUEST` varchar(2000) DEFAULT NULL,
  `FACTORY_NAME` varchar(200) DEFAULT NULL,
  `PRICE` decimal(10,2) DEFAULT NULL,
  `AMOUNT` decimal(10,2) DEFAULT NULL,
  `CUNIT` varchar(10) DEFAULT NULL,
  `BOX_NUM` int(11) DEFAULT NULL,
  `EX_PRICE` decimal(10,2) DEFAULT NULL,
  `EX_UNIT` varchar(10) DEFAULT NULL,
  `NO_TAX` decimal(10,2) DEFAULT NULL,
  `TAX` decimal(10,2) DEFAULT NULL,
  `COST_PRICE` decimal(10,2) DEFAULT NULL,
  `COST_TAX` decimal(10,2) DEFAULT NULL,
  `ACCESSORIES` bit(1) DEFAULT NULL,
  `ORDER_NO` int(11) DEFAULT NULL,
  PRIMARY KEY (`EXT_CPRODUCT_ID`)
) ENGINE=InnoDB DEFAULT CHARSET=utf8;

-- ----------------------------
-- Records of ext_cproduct_c
-- ----------------------------
INSERT INTO `ext_cproduct_c` VALUES ('4028817a3357462e013359291f540007', '16', '4028817a3357462e0133591b86ec0003', '1', null, '2965', 'undefined', '彩盒，新菲林\r\n配全明料糖缸带盖子\r\n彩盒尺寸：20X20X41CM', null, 'PCS', '144', null, '\0', null, null, null, null, null, '1.彩盒要求350克面纸；\r\n2.工厂待用安全包装，待我司运至工厂；\r\n3.工厂免费提供1%余量，以防划伤，破损；\r\n4.交期:2011年11月05日。', null, '3.20', '460.80', null, null, null, null, null, null, null, null, '\0', '2');
INSERT INTO `ext_cproduct_c` VALUES ('4028817a3357462e013359291f640008', '16', '4028817a3357462e0133591b86ec0004', '1', null, '2964', '', '彩盒，新菲林\r\n配全明料糖缸带盖子\r\n彩盒尺寸：22.5X22.5X48.5CM', null, 'PCS', '144', null, '\0', null, null, null, null, null, '1.彩盒要求350克面纸；\r\n2.工厂待用安全包装，待我司运至工厂；\r\n3.工厂免费提供1%余量，以防划伤，破损；\r\n4.交期:2011年11月05日。', null, '4.00', '576.00', null, null, null, null, null, null, null, null, '\0', '1');
INSERT INTO `ext_cproduct_c` VALUES ('4028817a3357462e013359291f640009', '16', '4028817a3357462e0133592355750006', '1', null, '2976', 'undefined', '彩盒，新菲林\r\n配明料糖缸带盖子\r\n彩盒尺寸：25.7X25.7X35.7CM', null, 'PCS', '144', null, '\0', null, null, null, null, null, '1.彩盒要求350克面纸；\r\n2.工厂待用安全包装，待我司运至工厂；\r\n3.工厂免费提供1%余量，以防划伤，破损；\r\n4.交期:2011年11月05日。', null, '3.90', '561.60', null, null, null, null, null, null, null, null, '\0', '4');
INSERT INTO `ext_cproduct_c` VALUES ('4028817a3357462e013359291f64000a', '16', '4028817a3357462e0133592355750006', '2', null, '2976', 'undefined', '彩盒，新菲林\r\n配全明料糖缸带盖子\r\n彩盒尺寸：21.5X21.5X41CM', null, 'PCS', '144', null, '\0', null, null, null, null, null, '1.彩盒要求350克面纸；\r\n2.工厂待用安全包装，待我司运至工厂；\r\n3.工厂免费提供1%余量，以防划伤，破损；\r\n4.交期:2011年11月05日。', null, '3.30', '475.20', null, null, null, null, null, null, null, null, '\0', '3');
INSERT INTO `ext_cproduct_c` VALUES ('4028817a33812ffd0133820c0a460028', '19', '4028817a33812ffd013382048ff80027', '2', null, '20-37-266/JK1050164', '73be2c8a-b961-4ae9-899a-2d259ecd152b.png', '蒙砂白花纸\r\n配全明料蛋糕罩\r\n\r\n送祁县宏艺厂', null, 'PCS', '1200', null, '\0', null, null, null, null, null, '1.产品的颜色、造型、尺寸、重量务必同我司封样一致；\r\n2.工厂免费提供2% 余量，以防损耗，代用包装送至指定工厂；请在外包装上注明相对应的合同号及货号；\r\n3.交期:2011年12月05日；', null, '0.40', '480.00', null, null, null, null, null, null, null, null, '\0', '3');
INSERT INTO `ext_cproduct_c` VALUES ('4028817a33812ffd0133820c0a460029', '19', '4028817a33812ffd013382048ff80026', '2', null, '20-37-265/JK1050163', '1af851ab-98ff-4227-ba39-1175dca33c6f.png', '蒙砂白花纸\r\n配全明料蛋糕罩\r\n\r\n送祁县宏艺厂', null, 'PCS', '1200', null, '\0', null, null, null, null, null, '1.产品的颜色、造型、尺寸、重量务必同我司封样一致；\r\n2.工厂免费提供2% 余量，以防损耗，代用包装送至指定工厂；请在外包装上注明相对应的合同号及货号；\r\n3.交期:2011年12月05日；', null, '0.38', '456.00', null, null, null, null, null, null, null, null, '\0', '2');
INSERT INTO `ext_cproduct_c` VALUES ('4028817a33812ffd0133820c0a46002a', '19', '4028817a33812ffd013382048ff80025', '2', null, '20-37-264/JK1051087', 'bdf6ff59-ab4c-4218-a554-361ec409a04f.png', '蒙砂白花纸\r\n配全明料蛋糕罩\r\n\r\n送祁县宏艺厂', null, 'PCS', '1200', null, '\0', null, null, null, null, null, '1.产品的颜色、造型、尺寸、重量务必同我司封样一致；\r\n2.工厂免费提供2% 余量，以防损耗，代用包装送至指定工厂；请在外包装上注明相对应的合同号及货号；\r\n3.交期:2011年12月05日；', null, '0.35', '420.00', null, null, null, null, null, null, null, null, '\0', '1');
INSERT INTO `ext_cproduct_c` VALUES ('4028817a33d4f8b40133d994c45e0021', '19', '4028817a33d4f8b40133d9878e880014', '2', null, 'JK169340/13076', 'undefined', '蒙砂白花纸\r\n烤在蛋糕罩上\r\n送祁县光华厂', null, 'PCS', '464', null, '\0', null, null, null, null, null, '1.产品的颜色、造型、尺寸、务必同我司提供样稿一致；\r\n2.工厂免费提供2% 余量，以防损耗，代用包装送至指定工厂；请在外包装上注明相对应的合同号及货号；\r\n3.交期:2011年11月20日。', null, '1.02', '473.28', null, null, null, null, null, null, null, null, '\0', '2');
INSERT INTO `ext_cproduct_c` VALUES ('4028817a33d4f8b40133d994c45e0022', '19', '4028817a33d4f8b40133d9878e880016', '2', null, 'JK1050201/12078', '', '蒙砂白花纸\r\n烤在蛋糕罩上\r\n送祁县光华厂', null, 'PCS', '204', null, '\0', null, null, null, null, null, '1.产品的颜色、造型、尺寸、务必同我司提供的样稿一致；\r\n2.工厂免费提供2% 余量，以防损耗，代用包装送至指定工厂；请在外包装上注明相对应的合同号及货号；\r\n3.交期:2011年11月20日送指定工厂。', null, '0.80', '163.20', null, null, null, null, null, null, null, null, '\0', '1');
INSERT INTO `ext_cproduct_c` VALUES ('4028817a33ecdbf70133edfc84d40001', '19', '4028817a3357462e01336d3a0be10018', '2', null, 'JK1014005', '94d2d773-24b6-412e-b0e3-0fc9dddf0955.png', '低温鱼花纸\r\n明料低口杯\r\n祁县宏艺厂', null, 'PCS', '1800', null, '\0', null, null, null, null, null, '1.产品的颜色、造型、尺寸、务必同提供的样品一致；\r\n2.工厂免费提供2% 余量，以防损耗，代用包装送至指定工厂；请在外包装上注明相对应的合同号及货号；\r\n3.交期:2011年12月10；', null, '1.20', '2160.00', null, null, null, null, null, null, null, null, '\0', '4');
INSERT INTO `ext_cproduct_c` VALUES ('4028817a33ecdbf70133edfc84e40002', '19', '4028817a3357462e01336d3a0be10019', '2', null, 'JK1080766-3', '29bb909d-d527-475d-bfbe-e5e05a02349c.png', '套3白花纸\r\n\r\n送祁县宏艺厂', null, 'SETS', '600', null, '\0', null, null, null, null, null, '1.产品的颜色、造型、尺寸、务必同提供的样品一致；\r\n2.工厂免费提供2% 余量，以防损耗，代用包装送至指定工厂；请在外包装上注明相对应的合同号及货号；\r\n3.交期:2011年12月10；', null, '0.60', '360.00', null, null, null, null, null, null, null, null, '\0', '1');
INSERT INTO `ext_cproduct_c` VALUES ('4028817a33ecdbf70133edfc84e40003', '19', '4028817a3357462e01336d3a0be10017', '2', null, 'JK1014006', '7be85008-7652-4995-aaca-3ade8405eca9.png', '套6彩色花纸\r\n明料低口杯\r\n祁县宏艺厂', null, 'SETS', '300', null, '\0', null, null, null, null, null, '1.产品的颜色、造型、尺寸、务必同提供的样品一致；\r\n2.工厂免费提供2% 余量，以防损耗，代用包装送至指定工厂；请在外包装上注明相对应的合同号及货号；\r\n3.交期:2011年12月10；', null, '9.00', '2700.00', null, null, null, null, null, null, null, null, '\0', '5');
INSERT INTO `ext_cproduct_c` VALUES ('4028817a33ecdbf70133edfc84e40004', '19', '4028817a3357462e01336d3a0be10016', '2', null, 'JK1014001', '7a3d341f-f473-44ce-9bd4-c7f2b87343ca.png', '低温鱼花纸\r\n明料大碗\r\n送祁县宏艺厂', null, 'PCS', '1000', null, '\0', null, null, null, null, null, '1.产品的颜色、造型、尺寸、务必同提供的样品一致；\r\n2.工厂免费提供2% 余量，以防损耗，代用包装送至指定工厂；请在外包装上注明相对应的合同号及货号；\r\n3.交期:2011年12月10；', null, '2.40', '2400.00', null, null, null, null, null, null, null, null, '\0', '2');
INSERT INTO `ext_cproduct_c` VALUES ('4028817a33ecdbf70133edfc84e40005', '19', '4028817a3357462e01336d3a0be10015', '2', null, 'JK1014003', '73980c53-44f6-4232-8c04-9d08a66eeccb.png', '低温鱼花纸\r\n明料盘子\r\n\r\n送祁县天顺厂', null, 'PCS', '1200', null, '\0', null, null, null, null, null, '1.产品的颜色、造型、尺寸、务必同提供的样品一致；\r\n2.工厂免费提供2% 余量，以防损耗，代用包装送至指定工厂；请在外包装上注明相对应的合同号及货号；\r\n3.交期:2011年12月10；', null, '3.80', '4560.00', null, null, null, null, null, null, null, null, '\0', '3');
INSERT INTO `ext_cproduct_c` VALUES ('4028817a33fc4e280133fcdff5490011', '19', '4028817a33fc4e280133fcdb13f40010', '2', null, 'JK046/JK1050201', 'undefined', '蒙砂白花纸\r\n烤在蛋糕罩子上\r\n送祁县光华厂', null, 'PCS', '600', null, '\0', null, null, null, null, null, '1.产品的颜色、造型、尺寸、重量务必同我司封样一致；\r\n2.工厂免费提供2% 余量，以防损耗，代用包装送至指定工厂；请在外包装上注明相对应的合同号及货号；\r\n3.交期:2011年11月15日；', null, '0.80', '480.00', null, null, null, null, null, null, null, null, '\0', '3');
INSERT INTO `ext_cproduct_c` VALUES ('4028817a33fc4e280133fcdff5490012', '20', '4028817a33d4f8b40133d9bea39b0032', '4', null, 'JK1050807/JK033', 'undefined', '套6全明料酒杯\r\n杯碗电镀渐变色，挺底电镀\r\n尺寸：8X24CM高', null, 'SETS', '300', null, '\0', null, null, null, null, null, '★   产品与封样无明显差异，唛头、标签及包装质量务必符合公司要求。 \r\n ★★  产品生产前期、中期、后期抽验率不得少于10%，质量和封样一致， \r\n       并将验货照片传回公司。 \r\n★★★ 重点客人的质量标准检验，产品抽验率不得少于50%，务必做到入箱前检查。 \r\n 交期：2011年12月15日/工厂。                          没有经过我司同意无故延期交货造成严重后果的，按照客人的相关要求处理。 \r\n 开票：出货后请将增值税发票、验货报告、合同复印件及出库单一并寄至我司，以便我司安排付款。', null, '21.00', '6300.00', null, null, null, null, null, null, null, null, '\0', '2');
INSERT INTO `ext_cproduct_c` VALUES ('4028817a33fc4e280133fcdff5490013', '20', '4028817a33d4f8b40133d9bea39b0030', '4', null, 'JK1050806/JK032', '', '套6全明料香槟杯\r\n杯碗电镀渐变色，挺底电镀\r\n尺寸：5.7X25CM高', null, 'SETS', '320', null, '\0', null, null, null, null, null, '★   产品与封样无明显差异，唛头、标签及包装质量务必符合公司要求。 \r\n ★★  产品生产前期、中期、后期抽验率不得少于10%，质量和封样一致， \r\n       并将验货照片传回公司。 \r\n★★★ 重点客人的质量标准检验，产品抽验率不得少于50%，务必做到入箱前检查。 \r\n 交期：2011年12月15日/工厂。                          没有经过我司同意无故延期交货造成严重后果的，按照客人的相关要求处理。 \r\n 开票：出货后请将增值税发票、验货报告、合同复印件及出库单一并寄至我司，以便我司安排付款。', null, '21.00', '6720.00', null, null, null, null, null, null, null, null, '\0', '1');
INSERT INTO `ext_cproduct_c` VALUES ('4028817a33fc4e280133fd906b0d0029', '19', '4028817a33fc4e280133fd81e7d70027', '2', null, 'JK1040009/141760', 'undefined', '白色字母花纸 \r\n送祁县宏艺厂', null, 'PCS', '300', null, '\0', null, null, null, null, null, '1.产品的颜色、造型、尺寸、重量务必同我司封样一致；\r\n2.工厂免费提供2% 余量，以防损耗，代用包装送至指定工厂；请在外包装上注明相对应的合同号及货号；\r\n3.交期:2011年11月25日；', null, '0.90', '270.00', null, null, null, null, null, null, null, null, '\0', '3');
INSERT INTO `ext_cproduct_c` VALUES ('4028817a33fc4e280133fd906b0d002a', '19', '4028817a33fc4e280133fd81e7d7001f', '2', null, 'J859102682/113860', '', '白色字母花纸\r\nSTORAGE ONLY\r\n祁县宏艺厂', null, 'PCS', '300', null, '\0', null, null, null, null, null, '1.产品的颜色、造型、尺寸、重量务必同我司封样一致；\r\n2.工厂免费提供2% 余量，以防损耗，代用包装送至指定工厂；请在外包装上注明相对应的合同号及货号；\r\n3.交期:2011年11月25日；', null, '0.40', '120.00', null, null, null, null, null, null, null, null, '\0', '1');
INSERT INTO `ext_cproduct_c` VALUES ('4028817a33fc4e280133fd906b0d002b', '19', '4028817a33fc4e280133fd81e7d70026', '2', null, 'JK10501218/160380', 'undefined', '白色字母花纸 \r\n送祁县宏艺厂', null, 'PCS', '600', null, '\0', null, null, null, null, null, '1.产品的颜色、造型、尺寸、重量务必同我司封样一致；\r\n2.工厂免费提供2% 余量，以防损耗，代用包装送至指定工厂；请在外包装上注明相对应的合同号及货号；\r\n3.交期:2011年11月25日；', null, '0.40', '240.00', null, null, null, null, null, null, null, null, '\0', '4');
INSERT INTO `ext_cproduct_c` VALUES ('4028817a33fc4e280133fd906b0d002c', '19', '4028817a33fc4e280133fd81e7d70021', '2', null, '123540', 'undefined', '白色字母花纸(HIGH TEA)\r\n字体：ENGLISH SCRIPT\r\n尺寸：18X5.5CM\r\n祁县光华厂', null, 'PCS', '100', null, '\0', null, null, null, null, null, '1.产品的颜色、造型、尺寸、重量务必同我司封样一致；\r\n2.工厂免费提供2% 余量，以防损耗，代用包装送至指定工厂；请在外包装上注明相对应的合同号及货号；\r\n3.交期:2011年11月25日；', null, '0.30', '30.00', null, null, null, null, null, null, null, null, '\0', '5');
INSERT INTO `ext_cproduct_c` VALUES ('4028817a33fc4e280133fd906b0d002d', '19', '4028817a33fc4e280133fd81e7d70022', '2', null, 'JK1052446/158080', 'undefined', '白色字母花纸\r\n\r\n \r\n祁县会龙厂', null, 'PCS', '702', null, '\0', null, null, null, null, null, '1.产品的颜色、造型、尺寸、重量务必同我司封样一致；\r\n2.工厂免费提供2% 余量，以防损耗，代用包装送至指定工厂；请在外包装上注明相对应的合同号及货号；\r\n3.交期:2011年11月25日；', null, '0.25', '175.50', null, null, null, null, null, null, null, null, '\0', '2');
INSERT INTO `ext_cproduct_c` VALUES ('4028817a33fc4e280133fd906b0d002e', '19', '4028817a33fc4e280133fd81e7d7001e', '2', null, '169280', 'undefined', '白色字母花纸(HIGH TEA)\r\n字体：ENGLISH SCRIPT\r\n尺寸：18X5.5CM\r\n祁县光华厂', null, 'PCS', '100', null, '\0', null, null, null, null, null, '1.产品的颜色、造型、尺寸、重量务必同我司封样一致；\r\n2.工厂免费提供2% 余量，以防损耗，代用包装送至指定工厂；请在外包装上注明相对应的合同号及货号；\r\n3.交期:2011年11月25日；', null, '0.30', '30.00', null, null, null, null, null, null, null, null, '\0', '6');
INSERT INTO `ext_cproduct_c` VALUES ('4028817a33fc4e280133fded2e6d0040', '19', '4028817a33fc4e280133fde6504f0039', '2', null, 'JK169340/13076', 'undefined', '蒙砂白花纸\r\n\"烤在蛋糕罩子上(25X26CM)\r\n\"\r\n祁县光华厂', null, 'PCS', '200', null, '\0', null, null, null, null, null, '1.产品的颜色、造型、尺寸、重量务必同我司封样一致；\r\n2.工厂免费提供2% 余量，以防损耗，代用包装送至指定工厂；请在外包装上注明相对应的合同号及货号；\r\n3.交期:2011年11月20日', null, '1.02', '204.00', null, null, null, null, null, null, null, null, '\0', '4');
INSERT INTO `ext_cproduct_c` VALUES ('4028817a33fc4e280133fded2e6d0041', '19', '4028817a33fc4e280133fde6504f0038', '2', null, 'JK1050198/12860', 'undefined', '蒙砂白花纸\r\n烤在红酒杯（11X19CM)上\r\n送平遥鸿艺', null, 'PCS', '400', null, '\0', null, null, null, null, null, '1.产品的颜色、造型、尺寸、重量务必同我司封样一致；\r\n2.工厂免费提供2% 余量，以防损耗，代用包装送至指定工厂；请在外包装上注明相对应的合同号及货号；\r\n3.交期:2011年11月20日', null, '0.49', '196.00', null, null, null, null, null, null, null, null, '\0', '3');
INSERT INTO `ext_cproduct_c` VALUES ('4028817a33fc4e280133fded2e6d0042', '19', '4028817a33fc4e280133fde6504f003c', '2', null, 'JK1050195/12859', 'undefined', '蒙砂白花纸\r\n烤在香槟杯(8X21CM)上\r\n送平遥鸿艺', null, 'PCS', '400', null, '\0', null, null, null, null, null, '1.产品的颜色、造型、尺寸、重量务必同我司封样一致；\r\n2.工厂免费提供2% 余量，以防损耗，代用包装送至指定工厂；请在外包装上注明相对应的合同号及货号；\r\n3.交期:2011年11月20日', null, '0.40', '160.00', null, null, null, null, null, null, null, null, '\0', '2');
INSERT INTO `ext_cproduct_c` VALUES ('4028817a33fc4e280133fded2e6d0043', '19', '4028817a33fc4e280133fde6504f0037', '2', null, 'JK1050201/12078', '', '蒙砂白花纸\r\n烤在蛋糕罩子上\r\n祁县光华厂', null, 'PCS', '402', null, '\0', null, null, null, null, null, '1.产品的颜色、造型、尺寸、重量务必同我司封样一致；\r\n2.工厂免费提供2% 余量，以防损耗，代用包装送至指定工厂；请在外包装上注明相对应的合同号及货号；\r\n3.交期:2011年11月20日；', null, '0.80', '321.60', null, null, null, null, null, null, null, null, '\0', '1');
INSERT INTO `ext_cproduct_c` VALUES ('4028817a343a5c9101343a6fd3200001', '22', '4028817a33812ffd0133816aacd40019', '4', null, '4998', 'undefined', '全明料死模风灯 ，电镀花银喷紫色\r\n尺寸：11.5X30.5CM', null, 'PCS', '300', null, '\0', null, null, null, null, null, '★   产品与封样无明显差异，唛头、标签及包装质量务必符合公司要求。 \r\n ★★  产品生产前期、中期、后期抽验率不得少于10%，质量和封样一致， \r\n       并将验货照片传回公司。 \r\n★★★ 重点客人的质量标准检验，产品抽验率不得少于50%，务必做到入箱前检查。 \r\n 交期：2012年1月10日/工厂。\r\n       没有经过我司同意无故延期交货造成严重后果的，按照客人的相关要求处理。 \r\n 开票：出货后请将增值税发票、验货报告、合同复印件及出库单一并寄至我司，以便我司安排付款。', null, '1.70', '510.00', null, null, null, null, null, null, null, null, '\0', '6');
INSERT INTO `ext_cproduct_c` VALUES ('4028817a343a5c9101343a6fd35f0002', '19', '4028817a33812ffd0133816aacd40017', '2', null, '5117', 'undefined', '白金字母花纸\r\nSWEETS\r\n送祁县光华厂', null, 'PCS', '300', null, '\0', null, null, null, null, null, '1.产品的颜色、造型、尺寸、重量务必同我司封样一致；\r\n2.工厂免费提供2% 余量，以防损耗，代用包装送至指定工厂；请在外包装上注明相对应的合同号及货号；\r\n3.交期:2011年11月30日；', null, '3.00', '900.00', null, null, null, null, null, null, null, null, '\0', '12');
INSERT INTO `ext_cproduct_c` VALUES ('4028817a343a5c9101343a6fd35f0003', '22', '4028817a33812ffd0133813f25a30002', '4', null, '4993', '', '全明料死模风灯，电镀花银喷绿色\r\n尺寸：11.5X20.3CM\r\n毛坯1月25日送', null, 'PCS', '300', null, '\0', null, null, null, null, null, '★   产品与封样无明显差异，唛头、标签及包装质量务必符合公司要求。 \r\n ★★  产品生产前期、中期、后期抽验率不得少于10%，质量和封样一致， \r\n       并将验货照片传回公司。 \r\n★★★ 重点客人的质量标准检验，产品抽验率不得少于50%，务必做到入箱前检查。 \r\n 交期：2012年1月10日/工厂。\r\n       没有经过我司同意无故延期交货造成严重后果的，按照客人的相关要求处理。 \r\n 开票：出货后请将增值税发票、验货报告、合同复印件及出库单一并寄至我司，以便我司安排付款。', null, '1.70', '510.00', null, null, null, null, null, null, null, null, '\0', '1');
INSERT INTO `ext_cproduct_c` VALUES ('4028817a343a5c9101343a6fd35f0004', '22', '4028817a33812ffd0133816aacd40018', '4', null, '5400', 'undefined', '全明料死模风灯，电镀花银喷蓝色\r\n尺寸：17X23CM高', null, 'PCS', '300', null, '\0', null, null, null, null, null, '★   产品与封样无明显差异，唛头、标签及包装质量务必符合公司要求。 \r\n ★★  产品生产前期、中期、后期抽验率不得少于10%，质量和封样一致， \r\n       并将验货照片传回公司。 \r\n★★★ 重点客人的质量标准检验，产品抽验率不得少于50%，务必做到入箱前检查。 \r\n 交期：2012年1月10日/工厂。\r\n       没有经过我司同意无故延期交货造成严重后果的，按照客人的相关要求处理。 \r\n 开票：出货后请将增值税发票、验货报告、合同复印件及出库单一并寄至我司，以便我司安排付款。', null, '3.50', '1050.00', null, null, null, null, null, null, null, null, '\0', '10');
INSERT INTO `ext_cproduct_c` VALUES ('4028817a343a5c9101343a6fd35f0005', '22', '4028817a33812ffd0133816aacd4000d', '4', null, '4996', 'undefined', '全明料死模风灯，电镀花银喷绿色\r\n尺寸：11.5X30.5CM高', null, 'PCS', '300', null, '\0', null, null, null, null, null, '★   产品与封样无明显差异，唛头、标签及包装质量务必符合公司要求。 \r\n ★★  产品生产前期、中期、后期抽验率不得少于10%，质量和封样一致， \r\n       并将验货照片传回公司。 \r\n★★★ 重点客人的质量标准检验，产品抽验率不得少于50%，务必做到入箱前检查。 \r\n 交期：2012年1月10日/工厂。\r\n       没有经过我司同意无故延期交货造成严重后果的，按照客人的相关要求处理。 \r\n 开票：出货后请将增值税发票、验货报告、合同复印件及出库单一并寄至我司，以便我司安排付款。', null, '1.70', '510.00', null, null, null, null, null, null, null, null, '\0', '4');
INSERT INTO `ext_cproduct_c` VALUES ('4028817a343a5c9101343a6fd35f0006', '22', '4028817a33812ffd0133816aacd40014', '4', null, '5336', 'undefined', '全明料死模风灯，电镀花银喷绿色\r\n尺寸：14.5X20CM高', null, 'PCS', '300', null, '\0', null, null, null, null, null, '★   产品与封样无明显差异，唛头、标签及包装质量务必符合公司要求。 \r\n ★★  产品生产前期、中期、后期抽验率不得少于10%，质量和封样一致， \r\n       并将验货照片传回公司。 \r\n★★★ 重点客人的质量标准检验，产品抽验率不得少于50%，务必做到入箱前检查。 \r\n 交期：2012年1月10日/工厂。\r\n       没有经过我司同意无故延期交货造成严重后果的，按照客人的相关要求处理。 \r\n 开票：出货后请将增值税发票、验货报告、合同复印件及出库单一并寄至我司，以便我司安排付款。', null, '2.00', '600.00', null, null, null, null, null, null, null, null, '\0', '8');
INSERT INTO `ext_cproduct_c` VALUES ('4028817a343a5c9101343a6fd35f0007', '22', '4028817a33812ffd0133813f25a30003', '4', null, '4994', 'undefined', '全明料死模风灯，电镀花银喷蓝色\r\n尺寸：11.5X20.3CM高', null, 'PCS', '300', null, '\0', null, null, null, null, null, '★   产品与封样无明显差异，唛头、标签及包装质量务必符合公司要求。 \r\n ★★  产品生产前期、中期、后期抽验率不得少于10%，质量和封样一致， \r\n       并将验货照片传回公司。 \r\n★★★ 重点客人的质量标准检验，产品抽验率不得少于50%，务必做到入箱前检查。 \r\n 交期：2012年1月10日/工厂。\r\n       没有经过我司同意无故延期交货造成严重后果的，按照客人的相关要求处理。 \r\n 开票：出货后请将增值税发票、验货报告、合同复印件及出库单一并寄至我司，以便我司安排付款。', null, '1.70', '510.00', null, null, null, null, null, null, null, null, '\0', '2');
INSERT INTO `ext_cproduct_c` VALUES ('4028817a343a5c9101343a6fd35f0008', '20', '4028817a33812ffd0133816aacd40011', '4', null, '6998', 'undefined', '全明料蛋糕盘，盘沿电镀\r\n尺寸：6-1/2\"X12-1/2\"高', null, 'PCS', '300', null, '\0', null, null, null, null, null, '★   产品与封样无明显差异，唛头、标签及包装质量务必符合公司要求。 \r\n ★★  产品生产前期、中期、后期抽验率不得少于10%，质量和封样一致， \r\n       并将验货照片传回公司。 \r\n★★★ 重点客人的质量标准检验，产品抽验率不得少于50%，务必做到入箱前检查。 \r\n 交期：2012年1月10日/工厂。\r\n       没有经过我司同意无故延期交货造成严重后果的，按照客人的相关要求处理。 \r\n 开票：出货后请将增值税发票、验货报告、合同复印件及出库单一并寄至我司，以便我司安排付款。', null, '6.00', '1800.00', null, null, null, null, null, null, null, null, '\0', '11');
INSERT INTO `ext_cproduct_c` VALUES ('4028817a343a5c9101343a6fd35f0009', '22', '4028817a33812ffd0133816aacd4000c', '4', null, '4997', 'undefined', '全明料死模风灯，电镀花银喷蓝色\r\n尺寸：11.5X30.5CM高', null, 'PCS', '300', null, '\0', null, null, null, null, null, '★   产品与封样无明显差异，唛头、标签及包装质量务必符合公司要求。 \r\n ★★  产品生产前期、中期、后期抽验率不得少于10%，质量和封样一致， \r\n       并将验货照片传回公司。 \r\n★★★ 重点客人的质量标准检验，产品抽验率不得少于50%，务必做到入箱前检查。 \r\n 交期：2012年1月10日/工厂。\r\n       没有经过我司同意无故延期交货造成严重后果的，按照客人的相关要求处理。 \r\n 开票：出货后请将增值税发票、验货报告、合同复印件及出库单一并寄至我司，以便我司安排付款。', null, '1.70', '510.00', null, null, null, null, null, null, null, null, '\0', '5');
INSERT INTO `ext_cproduct_c` VALUES ('4028817a343a5c9101343a6fd35f000a', '19', '4028817a33812ffd0133816aacd40012', '2', null, '5118', 'undefined', '白金字母花纸\r\nSWEETS\r\n送祁县光华厂', null, 'PCS', '600', null, '\0', null, null, null, null, null, '1.产品的颜色、造型、尺寸、重量务必同我司封样一致；\r\n2.工厂免费提供2% 余量，以防损耗，代用包装送至指定工厂；请在外包装上注明相对应的合同号及货号；\r\n3.交期:2011年11月30日；', null, '3.00', '1800.00', null, null, null, null, null, null, null, null, '\0', '13');
INSERT INTO `ext_cproduct_c` VALUES ('4028817a343a5c9101343a6fd35f000b', '22', '4028817a33812ffd0133816aacd40015', '4', null, '5337', 'undefined', '全明料死模风灯，电镀花银喷蓝色\r\n尺寸：14.5X20CM高', null, 'PCS', '300', null, '\0', null, null, null, null, null, '★   产品与封样无明显差异，唛头、标签及包装质量务必符合公司要求。 \r\n ★★  产品生产前期、中期、后期抽验率不得少于10%，质量和封样一致， \r\n       并将验货照片传回公司。 \r\n★★★ 重点客人的质量标准检验，产品抽验率不得少于50%，务必做到入箱前检查。 \r\n 交期：2012年1月10日/工厂。\r\n       没有经过我司同意无故延期交货造成严重后果的，按照客人的相关要求处理。 \r\n 开票：出货后请将增值税发票、验货报告、合同复印件及出库单一并寄至我司，以便我司安排付款。', null, '2.00', '600.00', null, null, null, null, null, null, null, null, '\0', '9');
INSERT INTO `ext_cproduct_c` VALUES ('4028817a343a5c9101343a6fd35f000c', '22', '4028817a33812ffd0133816aacc40009', '4', null, '5331', 'undefined', '全明料死模风灯，电镀花银喷绿色\r\n尺寸：17X23CM高', null, 'PCS', '300', null, '\0', null, null, null, null, null, '★   产品与封样无明显差异，唛头、标签及包装质量务必符合公司要求。 \r\n ★★  产品生产前期、中期、后期抽验率不得少于10%，质量和封样一致， \r\n       并将验货照片传回公司。 \r\n★★★ 重点客人的质量标准检验，产品抽验率不得少于50%，务必做到入箱前检查。 \r\n 交期：2012年1月10日/工厂。\r\n       没有经过我司同意无故延期交货造成严重后果的，按照客人的相关要求处理。 \r\n 开票：出货后请将增值税发票、验货报告、合同复印件及出库单一并寄至我司，以便我司安排付款。', null, '3.50', '1050.00', null, null, null, null, null, null, null, null, '\0', '7');
INSERT INTO `ext_cproduct_c` VALUES ('4028817a343a5c9101343a6fd35f000d', '22', '4028817a33812ffd0133813f25a30004', '4', null, '4995', 'undefined', '全明料死模风灯，电镀花银喷紫色\r\n尺寸：11.5X20.3CM', null, 'PCS', '300', null, '\0', null, null, null, null, null, '★   产品与封样无明显差异，唛头、标签及包装质量务必符合公司要求。 \r\n ★★  产品生产前期、中期、后期抽验率不得少于10%，质量和封样一致， \r\n       并将验货照片传回公司。 \r\n★★★ 重点客人的质量标准检验，产品抽验率不得少于50%，务必做到入箱前检查。 \r\n 交期：2012年1月10日/工厂。\r\n       没有经过我司同意无故延期交货造成严重后果的，按照客人的相关要求处理。 \r\n 开票：出货后请将增值税发票、验货报告、合同复印件及出库单一并寄至我司，以便我司安排付款。', null, '1.70', '510.00', null, null, null, null, null, null, null, null, '\0', '3');
INSERT INTO `ext_cproduct_c` VALUES ('4028817a353b8d8e01353cad7b730023', '19', '4028817a3420e78a013421a693820007', '2', null, '5117', 'undefined', '白金字母花纸\r\nSWEETS\r\n送祁县光华厂', null, 'PCS', '300', null, '\0', null, null, null, null, null, '1.产品的颜色、造型、尺寸、重量务必同我司封样一致；\r\n2.工厂免费提供2% 余量，以防损耗，代用包装送至指定工厂；请在外包装上注明相对应的合同号及货号；\r\n3.交期:2012年1月15日。', null, '3.00', '900.00', null, null, null, null, null, null, null, null, '\0', '11');
INSERT INTO `ext_cproduct_c` VALUES ('4028817a353b8d8e01353cad7b730024', '4028817a33ecdbf70133ee202e49000b', '4028817a3420e78a013421e2e3c1001a', '4', null, '5337', 'e877a4e2-2e48-4b06-91a8-3fb64f150a0f.jpg', '全明料死模风灯，电镀花银喷蓝色			\r\n尺寸：14.5X20CM高			\r\n1只/五层内盒      12只/大箱			\r\n毛坯1月30日送', null, 'PCS', '300', null, '\0', null, null, null, null, null, '★   产品与封样无明显差异，唛头、标签及包装质量务必符合公司要求。 \r\n ★★  产品生产前期、中期、后期抽验率不得少于10%，质量和封样一致， \r\n       并将验货照片传回公司。 \r\n★★★ 重点客人的质量标准检验，产品抽验率不得少于50%，务必做到入箱前检查。 \r\n 交期：2012年2月15日/工厂。       没有经过我司同意无故延期交货造成严重后果的，按照客人的相关要求处理。 \r\n 开票：出货后请将增值税发票、验货报告、合同复印件及出库单一并寄至我司，以便我司安排付款。', null, '3.00', '900.00', null, null, null, null, null, null, null, null, '\0', '9');
INSERT INTO `ext_cproduct_c` VALUES ('4028817a353b8d8e01353cad7b730027', '4028817a33ecdbf70133ee202e49000b', '4028817a3420e78a013421a693820002', '4', null, '4995', 'b232e729-a02f-48b2-987b-2c6311827816.jpg', '全明料死模风灯，电镀花银喷浅紫色\r\n明料挺底			\r\n尺寸：11.5X20.3CM		\r\n1只/五层内盒     12只/大箱	\r\n毛坯1月30日送', null, 'PCS', '300', null, '\0', null, null, null, null, null, '★   产品与封样无明显差异，唛头、标签及包装质量务必符合公司要求。 \r\n ★★  产品生产前期、中期、后期抽验率不得少于10%，质量和封样一致， \r\n       并将验货照片传回公司。 \r\n★★★ 重点客人的质量标准检验，产品抽验率不得少于50%，务必做到入箱前检查。 \r\n 交期：2012年2月15日/工厂。毛坯送至祁县瑞成玻璃镀膜厂。 \r\n       没有经过我司同意无故延期交货造成严重后果的，按照客人的相关要求处理。 \r\n 开票：出货后请将增值税发票、验货报告、合同复印件及出库单一并寄至我司，以便我司安排付款。', null, '1.70', '510.00', null, null, null, null, null, null, null, null, '\0', '3');
INSERT INTO `ext_cproduct_c` VALUES ('4028817a353b8d8e01353cad7b730029', '4028817a33ecdbf70133ee202e49000b', '4028817a3420e78a013421a693820004', '4', null, '4996', '987692c0-6e47-4117-b6c8-3dbbeaca1b0c.jpg', '全明料死模风灯，电镀花银喷浅绿色\r\n明料挺底			\r\n尺寸：11.5X30.5CM高		\r\n1只/五层内盒      6只/大箱	\r\n毛坯1月30日送', null, 'PCS', '300', null, '\0', null, null, null, null, null, '★   产品与封样无明显差异，唛头、标签及包装质量务必符合公司要求。 \r\n ★★  产品生产前期、中期、后期抽验率不得少于10%，质量和封样一致， \r\n       并将验货照片传回公司。 \r\n★★★ 重点客人的质量标准检验，产品抽验率不得少于50%，务必做到入箱前检查。 \r\n 交期：2012年2月15日/工厂。毛坯送至祁县瑞成玻璃镀膜厂。 \r\n       没有经过我司同意无故延期交货造成严重后果的，按照客人的相关要求处理。 \r\n 开票：出货后请将增值税发票、验货报告、合同复印件及出库单一并寄至我司，以便我司安排付款。', null, '1.70', '510.00', null, null, null, null, null, null, null, null, '\0', '4');
INSERT INTO `ext_cproduct_c` VALUES ('4028817a353b8d8e01353cad7b73002a', '4028817a33ecdbf70133ee202e49000b', '4028817a3420e78a013421a693820006', '4', null, '4993', 'a803fa9e-dda1-476a-a822-a51b226aca39.jpg', '全明料死模风灯，电镀花银喷浅绿色 \r\n明料挺底			\r\n尺寸：11.5X20.3CM		\r\n1只/五层内盒      12只/大箱	\r\n毛坯1月30日送', null, 'PCS', '300', null, '\0', null, null, null, null, null, '★   产品与封样无明显差异，唛头、标签及包装质量务必符合公司要求。 \r\n ★★  产品生产前期、中期、后期抽验率不得少于10%，质量和封样一致， \r\n       并将验货照片传回公司。 \r\n★★★ 重点客人的质量标准检验，产品抽验率不得少于50%，务必做到入箱前检查。 \r\n 交期：2012年2月15日/工厂。       没有经过我司同意无故延期交货造成严重后果的，按照客人的相关要求处理。 \r\n 开票：出货后请将增值税发票、验货报告、合同复印件及出库单一并寄至我司，以便我司安排付款。', null, '1.70', '510.00', null, null, null, null, null, null, null, null, '\0', '1');
INSERT INTO `ext_cproduct_c` VALUES ('4028817a353b8d8e01353cad7b73002b', '4028817a33ecdbf70133ee202e49000b', '4028817a3420e78a013421d2e3fe0014', '4', null, '5331', '51902cb9-1650-480b-8373-2da4c3f2338b.jpg', '全明料死模风灯，电镀花银喷绿色			\r\n尺寸：17X23CM高			\r\n1只/五层内盒      6只/大箱			\r\n毛坯1月30日送', null, 'PCS', '300', null, '\0', null, null, null, null, null, '★   产品与封样无明显差异，唛头、标签及包装质量务必符合公司要求。 \r\n ★★  产品生产前期、中期、后期抽验率不得少于10%，质量和封样一致， \r\n       并将验货照片传回公司。 \r\n★★★ 重点客人的质量标准检验，产品抽验率不得少于50%，务必做到入箱前检查。 \r\n 交期：2012年2月15日/工厂。       没有经过我司同意无故延期交货造成严重后果的，按照客人的相关要求处理。 \r\n 开票：出货后请将增值税发票、验货报告、合同复印件及出库单一并寄至我司，以便我司安排付款。', null, '3.50', '1050.00', null, null, null, null, null, null, null, null, '\0', '7');
INSERT INTO `ext_cproduct_c` VALUES ('4028817a353b8d8e01353cad7b73002d', '4028817a33ecdbf70133ee202e49000b', '4028817a3420e78a013421a693820003', '4', null, '4994', '05b37ddc-8904-4df3-8167-b98129c600de.jpg', '全明料死模风灯，电镀花银喷浅蓝色\r\n明料挺底			\r\n尺寸：11.5X20.3CM		\r\n1只/五层内盒     12只/大箱	\r\n毛坯1月30日送', null, 'PCS', '300', null, '\0', null, null, null, null, null, '★   产品与封样无明显差异，唛头、标签及包装质量务必符合公司要求。 \r\n ★★  产品生产前期、中期、后期抽验率不得少于10%，质量和封样一致， \r\n       并将验货照片传回公司。 \r\n★★★ 重点客人的质量标准检验，产品抽验率不得少于50%，务必做到入箱前检查。 \r\n 交期：2012年2月15日/工厂。毛坯送至祁县瑞成玻璃镀膜厂。 \r\n       没有经过我司同意无故延期交货造成严重后果的，按照客人的相关要求处理。 \r\n 开票：出货后请将增值税发票、验货报告、合同复印件及出库单一并寄至我司，以便我司安排付款。', null, '1.70', '510.00', null, null, null, null, null, null, null, null, '\0', '2');
INSERT INTO `ext_cproduct_c` VALUES ('4028817a353b8d8e01353cadeab80031', '4028817a33ecdbf70133ee202e49000b', '4028817a3420e78a013421a693920011', '4', null, '4997', '7dbc495e-a12c-4eec-9975-c93c1b3f4297.jpg', '全明料死模风灯，电镀花银喷浅蓝色\r\n明料挺底			\r\n尺寸：11.5X30.5CM高		\r\n1只/五层内盒      6只/大箱	\r\n毛坯1月30日送', null, 'PCS', '300', null, '\0', null, null, null, null, null, '★   产品与封样无明显差异，唛头、标签及包装质量务必符合公司要求。 \r\n ★★  产品生产前期、中期、后期抽验率不得少于10%，质量和封样一致， \r\n       并将验货照片传回公司。 \r\n★★★ 重点客人的质量标准检验，产品抽验率不得少于50%，务必做到入箱前检查。 \r\n 交期：2012年2月15日/工厂。       没有经过我司同意无故延期交货造成严重后果的，按照客人的相关要求处理。 \r\n 开票：出货后请将增值税发票、验货报告、合同复印件及出库单一并寄至我司，以便我司安排付款。', null, '1.70', '510.00', null, null, null, null, null, null, null, null, '\0', '5');
INSERT INTO `ext_cproduct_c` VALUES ('4028817a353b8d8e01353cadeab80037', '19', '4028817a3420e78a013421a693820005', '2', null, '5118', 'undefined', '白金字母花纸\r\nSWEETS\r\n送祁县光华厂', null, 'PCS', '300', null, '\0', null, null, null, null, null, '1.产品的颜色、造型、尺寸、重量务必同我司封样一致；\r\n2.工厂免费提供2% 余量，以防损耗，代用包装送至指定工厂；请在外包装上注明相对应的合同号及货号；\r\n3.交期:2012年1月15日。', null, '3.00', '900.00', null, null, null, null, null, null, null, null, '\0', '12');
INSERT INTO `ext_cproduct_c` VALUES ('4028817a353b8d8e01353cadec6d003a', '4028817a33ecdbf70133ee202e49000b', '4028817a3420e78a013421d2e3fe0013', '4', null, '5336', 'c8350cd2-47ae-4054-ad81-70004fe4eb44.jpg', '全明料死模风灯，电镀花银喷绿色			\r\n 尺寸：14.5X20CM高			\r\n1只/五层内盒      12只/大箱			\r\n毛坯1月30日送', null, 'PCS', '300', null, '\0', null, null, null, null, null, '★   产品与封样无明显差异，唛头、标签及包装质量务必符合公司要求。 \r\n ★★  产品生产前期、中期、后期抽验率不得少于10%，质量和封样一致， \r\n       并将验货照片传回公司。 \r\n★★★ 重点客人的质量标准检验，产品抽验率不得少于50%，务必做到入箱前检查。 \r\n 交期：2012年2月15日/工厂。       没有经过我司同意无故延期交货造成严重后果的，按照客人的相关要求处理。 \r\n 开票：出货后请将增值税发票、验货报告、合同复印件及出库单一并寄至我司，以便我司安排付款。', null, '3.00', '900.00', null, null, null, null, null, null, null, null, '\0', '8');
INSERT INTO `ext_cproduct_c` VALUES ('4028817a353b8d8e01353cadec6d0042', '4028817a33ecdbf70133ee202e49000b', '4028817a3420e78a013421a69382000e', '4', null, '4998', '44fc2f77-af8a-42d3-8d9b-fa2bafa8f47a.jpg', '全明料死模风灯，电镀花银喷浅紫色\r\n明料挺底			\r\n尺寸：11.5X30.5CM高		\r\n1只/五层内盒      6只/大箱	\r\n毛坯1月30日送', null, 'PCS', '300', null, '\0', null, null, null, null, null, '★   产品与封样无明显差异，唛头、标签及包装质量务必符合公司要求。 \r\n ★★  产品生产前期、中期、后期抽验率不得少于10%，质量和封样一致， \r\n       并将验货照片传回公司。 \r\n★★★ 重点客人的质量标准检验，产品抽验率不得少于50%，务必做到入箱前检查。 \r\n 交期：2012年2月15日/工厂。毛坯送至祁县瑞成玻璃镀膜厂。 \r\n       没有经过我司同意无故延期交货造成严重后果的，按照客人的相关要求处理。 \r\n 开票：出货后请将增值税发票、验货报告、合同复印件及出库单一并寄至我司，以便我司安排付款。', null, '1.70', '510.00', null, null, null, null, null, null, null, null, '\0', '6');
INSERT INTO `ext_cproduct_c` VALUES ('4028817a353b8d8e01353cadec6d0044', '4028817a33ecdbf70133ee202e49000b', '4028817a3420e78a013421e2e3c10016', '4', null, '5400', '601585a1-ba16-42bb-9ffb-d187b521be1f.jpg', '全明料死模风灯，电镀花银喷蓝色			\r\n尺寸：17X23CM高			\r\n1只/五层内盒      6只/大箱			\r\n毛坯1月30日送', null, 'PCS', '300', null, '\0', null, null, null, null, null, '★   产品与封样无明显差异，唛头、标签及包装质量务必符合公司要求。 \r\n ★★  产品生产前期、中期、后期抽验率不得少于10%，质量和封样一致， \r\n       并将验货照片传回公司。 \r\n★★★ 重点客人的质量标准检验，产品抽验率不得少于50%，务必做到入箱前检查。 \r\n 交期：2012年2月15日/工厂。       没有经过我司同意无故延期交货造成严重后果的，按照客人的相关要求处理。 \r\n 开票：出货后请将增值税发票、验货报告、合同复印件及出库单一并寄至我司，以便我司安排付款。', null, '3.50', '1050.00', null, null, null, null, null, null, null, null, '\0', '10');
INSERT INTO `ext_cproduct_c` VALUES ('4028817a353b8d8e01353d39f06c005d', '19', '4028817a353b8d8e01353d32350d0051', '2', null, '5117', 'aec0cd7f-795e-4c5f-b8c5-532b6479c4be.jpg', '白金字母花纸\r\nSWEETS\r\n安全包装送祁县光华厂', null, 'PCS', '100', null, '\0', null, null, null, null, null, '1.产品的颜色、造型、尺寸、重量务必同我司封样一致；\r\n2.工厂免费提供2% 余量，以防损耗，代用包装送至指定工厂；请在外包装上注明相对应的合同号及货号；\r\n3.交期:2012年2月5日。', null, '3.00', '300.00', null, null, null, null, null, null, null, null, '\0', '1');
INSERT INTO `ext_cproduct_c` VALUES ('4028817a353b8d8e01353d39f06c005e', '4028817a33ecdbf70133ee202e49000b', '4028817a353b8d8e01353d32350d005b', '4', null, '5336', '4436f9d7-b0e2-4926-9cd4-f6c66333c290.jpg', '全明料死模风灯，电镀花银喷绿色			\r\n 			\r\n尺寸：14.5X20CM高			\r\n1只/五层内盒      12只/大箱			\r\n毛坯1月30日送', null, 'PCS', '156', null, '\0', null, null, null, null, null, '★   产品与封样无明显差异，唛头、标签及包装质量务必符合公司要求。 \r\n ★★  产品生产前期、中期、后期抽验率不得少于10%，质量和封样一致， \r\n       并将验货照片传回公司。 \r\n★★★ 重点客人的质量标准检验，产品抽验率不得少于50%，务必做到入箱前检查。 \r\n 交期：2012年2月15日/工厂。       没有经过我司同意无故延期交货造成严重后果的，按照客人的相关要求处理。 \r\n 开票：出货后请将增值税发票、验货报告、合同复印件及出库单一并寄至我司，以便我司安排付款。', null, '3.00', '468.00', null, null, null, null, null, null, null, null, '\0', '4');
INSERT INTO `ext_cproduct_c` VALUES ('4028817a353b8d8e01353d39f06c005f', '4028817a33ecdbf70133ee202e49000b', '4028817a353b8d8e01353d32350d005a', '4', null, '5330', 'be775015-234a-4504-ad52-af6af53d2a9c.jpg', '全明料死模风灯，电镀花银喷紫色			\r\n			\r\n尺寸：14.5X20CM高			\r\n1只/五层内盒      12只/大箱			\r\n毛坯1月30日送', null, 'PCS', '156', null, '\0', null, null, null, null, null, '★   产品与封样无明显差异，唛头、标签及包装质量务必符合公司要求。 \r\n ★★  产品生产前期、中期、后期抽验率不得少于10%，质量和封样一致， \r\n       并将验货照片传回公司。 \r\n★★★ 重点客人的质量标准检验，产品抽验率不得少于50%，务必做到入箱前检查。 \r\n 交期：2012年2月15日/工厂。       没有经过我司同意无故延期交货造成严重后果的，按照客人的相关要求处理。 \r\n 开票：出货后请将增值税发票、验货报告、合同复印件及出库单一并寄至我司，以便我司安排付款。', null, '3.00', '468.00', null, null, null, null, null, null, null, null, '\0', '3');
INSERT INTO `ext_cproduct_c` VALUES ('4028817a353b8d8e01353d39f06c0060', '19', '4028817a353b8d8e01353d32350d0055', '2', null, '5118', 'undefined', '白金字母花纸\r\nSWEETS\r\n安全包装送祁县光华厂', null, 'PCS', '100', null, '\0', null, null, null, null, null, '1.产品的颜色、造型、尺寸、重量务必同我司封样一致；\r\n2.工厂免费提供2% 余量，以防损耗，代用包装送至指定工厂；请在外包装上注明相对应的合同号及货号；\r\n3.交期:2012年2月5日。', null, '3.00', '300.00', null, null, null, null, null, null, null, null, '\0', '2');
INSERT INTO `ext_cproduct_c` VALUES ('4028817a353b8d8e01353d39f06c0061', '4028817a33ecdbf70133ee202e49000b', '4028817a353b8d8e01353d32350d0057', '4', null, '5337', '673a4e11-3706-4beb-b958-ee1d7c564b3b.jpg', '全明料死模风灯，电镀花银喷蓝色			\r\n 			\r\n尺寸：14.5X20CM高			\r\n1只/五层内盒      12只/大箱			\r\n毛坯1月30日送', null, 'PCS', '156', null, '\0', null, null, null, null, null, '★   产品与封样无明显差异，唛头、标签及包装质量务必符合公司要求。 \r\n ★★  产品生产前期、中期、后期抽验率不得少于10%，质量和封样一致， \r\n       并将验货照片传回公司。 \r\n★★★ 重点客人的质量标准检验，产品抽验率不得少于50%，务必做到入箱前检查。 \r\n 交期：2012年2月15日/工厂。       没有经过我司同意无故延期交货造成严重后果的，按照客人的相关要求处理。 \r\n 开票：出货后请将增值税发票、验货报告、合同复印件及出库单一并寄至我司，以便我司安排付款。', null, '3.00', '468.00', null, null, null, null, null, null, null, null, '\0', '5');

-- ----------------------------
-- Table structure for factory_c
-- ----------------------------
DROP TABLE IF EXISTS `factory_c`;
CREATE TABLE `factory_c` (
  `FACTORY_PRODUCT_ID` varchar(90) NOT NULL,
  `FULL_NAME` varchar(200) DEFAULT NULL COMMENT '全称',
  `FACTORY_NAME` varchar(50) DEFAULT NULL,
  `CONTRACTOR` varchar(30) DEFAULT NULL,
  `PHONE` varchar(20) DEFAULT NULL,
  `MOBILE` varchar(20) DEFAULT NULL,
  `FAX` varchar(20) DEFAULT NULL,
  `CNOTE` text,
  `INSPECTOR` varchar(30) DEFAULT NULL,
  `CTYPE` varchar(40) DEFAULT NULL,
  `STATE` char(1) DEFAULT NULL,
  `ORDER_NO` int(11) DEFAULT NULL,
  `CREATE_BY` varchar(40) DEFAULT NULL,
  `CREATE_DEPT` varchar(40) DEFAULT NULL,
  `CREATE_TIME` datetime DEFAULT NULL,
  PRIMARY KEY (`FACTORY_PRODUCT_ID`)
) ENGINE=InnoDB DEFAULT CHARSET=utf8;

-- ----------------------------
-- Records of factory_c
-- ----------------------------
INSERT INTO `factory_c` VALUES ('24306846-79f9-4daf-8612-47adb2687f04', 'trre', 'a', null, '1254363', '443636', '3346', '..................', 'X', null, '0', '1', null, null, '2018-02-06 13:25:40');
INSERT INTO `factory_c` VALUES ('25', 'uui', 'b', null, null, null, null, null, null, null, '0', null, null, null, null);
INSERT INTO `factory_c` VALUES ('33f80e0b-d9f9-465f-8d33-416140b29fd2', 'e', '', null, '', '', '', '', 'sj', null, '1', null, null, null, '2018-02-07 08:46:55');
INSERT INTO `factory_c` VALUES ('be03b359-0763-4f28-94f5-a2b2e6f19d0b', 'ags', '', null, '', 'sh', '', '', 'sh', null, '1', '3', null, null, '2018-02-07 05:48:15');

-- ----------------------------
-- Table structure for fast_menu_b
-- ----------------------------
DROP TABLE IF EXISTS `fast_menu_b`;
CREATE TABLE `fast_menu_b` (
  `ID` varchar(120) NOT NULL,
  `NAME` varchar(90) DEFAULT NULL,
  `CNNAME` varchar(90) DEFAULT NULL,
  `CURL` varchar(450) DEFAULT NULL,
  `CLICK_NUM` double DEFAULT NULL,
  `BELONG_USER` varchar(120) DEFAULT NULL,
  `CTYPE` varchar(3) DEFAULT NULL,
  PRIMARY KEY (`ID`)
) ENGINE=InnoDB DEFAULT CHARSET=latin1;

-- ----------------------------
-- Records of fast_menu_b
-- ----------------------------
INSERT INTO `fast_menu_b` VALUES ('5343', 'fgdgd', 'sgdsd', '3', '3', '3', '3');

-- ----------------------------
-- Table structure for jk_privilege
-- ----------------------------
DROP TABLE IF EXISTS `jk_privilege`;
CREATE TABLE `jk_privilege` (
  `pid` varchar(100) NOT NULL,
  `privilege_name` varchar(255) DEFAULT NULL,
  `description` varchar(255) DEFAULT NULL,
  PRIMARY KEY (`pid`)
) ENGINE=InnoDB DEFAULT CHARSET=utf8;

-- ----------------------------
-- Records of jk_privilege
-- ----------------------------
INSERT INTO `jk_privilege` VALUES ('3070827e-8cc8-4cd7-a43a-0a5ac3b431d2', 'user:update', '普通用户:修改');
INSERT INTO `jk_privilege` VALUES ('517beba2-4ffe-4013-901a-ce50a9e74192', 'user:remove', '普通用户:删除');
INSERT INTO `jk_privilege` VALUES ('612d7f7e-62b7-4364-854d-ac115473275e', 'user:insert', '普通用户:添加');
INSERT INTO `jk_privilege` VALUES ('7fcb122d-a77d-4fc5-bef9-80152f4a9c5f', 'user:select', '普通用户:查看');

-- ----------------------------
-- Table structure for jk_role
-- ----------------------------
DROP TABLE IF EXISTS `jk_role`;
CREATE TABLE `jk_role` (
  `rid` varchar(100) CHARACTER SET latin1 NOT NULL,
  `role_name` varchar(255) DEFAULT NULL COMMENT '角色描述 example:teacher',
  `description` varchar(255) DEFAULT NULL COMMENT '角色描述 example:教师',
  `available` tinyint(4) DEFAULT NULL,
  PRIMARY KEY (`rid`)
) ENGINE=InnoDB DEFAULT CHARSET=utf8;

-- ----------------------------
-- Records of jk_role
-- ----------------------------
INSERT INTO `jk_role` VALUES ('14a02476-9213-435f-8517-bb64837e0e32', 'admin', '管理员', '0');
INSERT INTO `jk_role` VALUES ('1b5b6967-08d8-43b9-8fff-4610aa71fbd6', 'teacher', '教师', '0');
INSERT INTO `jk_role` VALUES ('20c6705d-455f-4ecf-bc48-cb80bd3561eb', 'student', '学生', '0');
INSERT INTO `jk_role` VALUES ('83666b51-a91c-49c8-bffc-cf7450562466', 'user', '普通用户', '0');

-- ----------------------------
-- Table structure for jk_user
-- ----------------------------
DROP TABLE IF EXISTS `jk_user`;
CREATE TABLE `jk_user` (
  `uid` varchar(100) CHARACTER SET latin1 NOT NULL COMMENT '主键',
  `name` varchar(255) DEFAULT NULL COMMENT '用户姓名',
  `username` varchar(50) NOT NULL COMMENT '用户登录名',
  `password` varchar(255) DEFAULT NULL COMMENT '密码',
  `organizationid` varchar(1000) DEFAULT NULL COMMENT '公司',
  `salt` varchar(255) DEFAULT NULL COMMENT '盐',
  `lock_User` tinyint(4) DEFAULT NULL COMMENT '是否锁定',
  `time` datetime DEFAULT NULL ON UPDATE CURRENT_TIMESTAMP,
  PRIMARY KEY (`uid`)
) ENGINE=InnoDB DEFAULT CHARSET=utf8;

-- ----------------------------
-- Records of jk_user
-- ----------------------------
INSERT INTO `jk_user` VALUES ('7ee8d486-571a-4d13-a6b6-e6dc23a5b333', '管理员A', 'admin', 'N2VlOGQ0ODYtNTcxYS00ZDEzLWE2YjYtZTZkYzIzYTViMzMzMTIzNDU2', '中央人事', '1518677679652', '1', '2018-02-15 06:54:40');
INSERT INTO `jk_user` VALUES ('d7314519-cbc2-4ae2-84ca-6df5adf984d0', '爱丽丝', 'alice', 'ZDczMTQ1MTktY2JjMi00YWUyLTg0Y2EtNmRmNWFkZjk4NGQwMTIzNDU2', '中国人民银行', '1518691596237', '1', '2018-02-15 10:46:36');

-- ----------------------------
-- Table structure for privilege_role
-- ----------------------------
DROP TABLE IF EXISTS `privilege_role`;
CREATE TABLE `privilege_role` (
  `rid` varchar(100) DEFAULT NULL COMMENT '关联 jk_role table',
  `pid` varchar(100) DEFAULT NULL COMMENT '关联 jk_privilege',
  `id` int(25) NOT NULL AUTO_INCREMENT,
  PRIMARY KEY (`id`)
) ENGINE=InnoDB AUTO_INCREMENT=47 DEFAULT CHARSET=utf8;

-- ----------------------------
-- Records of privilege_role
-- ----------------------------
INSERT INTO `privilege_role` VALUES ('1b5b6967-08d8-43b9-8fff-4610aa71fbd6', '612d7f7e-62b7-4364-854d-ac115473275e', '1');
INSERT INTO `privilege_role` VALUES ('20c6705d-455f-4ecf-bc48-cb80bd3561eb', '612d7f7e-62b7-4364-854d-ac115473275e', '2');
INSERT INTO `privilege_role` VALUES ('5f1a508c-e7a6-413c-bc1b-ed01b6352846', '3070827e-8cc8-4cd7-a43a-0a5ac3b431d2', '26');
INSERT INTO `privilege_role` VALUES ('5f1a508c-e7a6-413c-bc1b-ed01b6352846', '517beba2-4ffe-4013-901a-ce50a9e74192', '27');
INSERT INTO `privilege_role` VALUES ('5f1a508c-e7a6-413c-bc1b-ed01b6352846', '612d7f7e-62b7-4364-854d-ac115473275e', '28');
INSERT INTO `privilege_role` VALUES ('5f1a508c-e7a6-413c-bc1b-ed01b6352846', '7fcb122d-a77d-4fc5-bef9-80152f4a9c5f', '29');
INSERT INTO `privilege_role` VALUES ('14a02476-9213-435f-8517-bb64837e0e32', '3070827e-8cc8-4cd7-a43a-0a5ac3b431d2', '38');
INSERT INTO `privilege_role` VALUES ('14a02476-9213-435f-8517-bb64837e0e32', '517beba2-4ffe-4013-901a-ce50a9e74192', '39');
INSERT INTO `privilege_role` VALUES ('14a02476-9213-435f-8517-bb64837e0e32', '612d7f7e-62b7-4364-854d-ac115473275e', '40');
INSERT INTO `privilege_role` VALUES ('14a02476-9213-435f-8517-bb64837e0e32', '7fcb122d-a77d-4fc5-bef9-80152f4a9c5f', '41');
INSERT INTO `privilege_role` VALUES ('83666b51-a91c-49c8-bffc-cf7450562466', '7fcb122d-a77d-4fc5-bef9-80152f4a9c5f', '46');

-- ----------------------------
-- Table structure for user_role
-- ----------------------------
DROP TABLE IF EXISTS `user_role`;
CREATE TABLE `user_role` (
  `id` int(11) NOT NULL AUTO_INCREMENT COMMENT '主键',
  `rid` varchar(100) CHARACTER SET utf8 DEFAULT NULL COMMENT '关联 jk_role表',
  `uid` varchar(100) CHARACTER SET utf8 DEFAULT NULL COMMENT '关联 jk_user表',
  PRIMARY KEY (`id`)
) ENGINE=InnoDB AUTO_INCREMENT=16 DEFAULT CHARSET=latin1;

-- ----------------------------
-- Records of user_role
-- ----------------------------
INSERT INTO `user_role` VALUES ('14', '14a02476-9213-435f-8517-bb64837e0e32', '7ee8d486-571a-4d13-a6b6-e6dc23a5b333');
INSERT INTO `user_role` VALUES ('15', '83666b51-a91c-49c8-bffc-cf7450562466', 'd7314519-cbc2-4ae2-84ca-6df5adf984d0');
SET FOREIGN_KEY_CHECKS=1;
